  Disciplina,         Nome da disciplina,            Professor,Créd,Trm,Destino,Vag,Turno,Horário/ Unidade,Hr Dist.,SHF,Pré-Req,Depto
INF1005,PROGRAMACAO I,CAROLINA DE LIMA AGUILAR,4,33A,QQC,40,I,"TER 07-09  / GAVEA 
QUI 07-09  / GAVEA",0,0,NÃO,UCB
INF1005,PROGRAMACAO I,PAULA YPIRANGA DOS GUARANYS,4,33B,QQC,35,I,"TER 09-11  / BARRA 
QUI 09-11  / BARRA",0,0,NÃO,UCB
INF1005,PROGRAMACAO I,CLAUDIA FERLIN,4,33C,QQC,40,I,"TER 07-09  / GAVEA 
QUI 07-09  / GAVEA",0,0,NÃO,UCB
INF1005,PROGRAMACAO I,CAROLINA DE LIMA AGUILAR,4,33D,QQC,40,I,"TER 09-11  / GAVEA 
QUI 09-11  / GAVEA",0,0,NÃO,UCB
INF1005,PROGRAMACAO I,CLAUDIA FERLIN,4,33E,QQC,40,I,"TER 09-11  / GAVEA 
QUI 09-11  / GAVEA",0,0,NÃO,UCB
INF1005,PROGRAMACAO I,GUSTAVO COSTA GOMES MOREIRA,4,33F,QQC,40,I,"TER 13-15  / GAVEA 
QUI 13-15  / GAVEA",0,0,NÃO,UCB
INF1005,PROGRAMACAO I,JOSE CARLOS RAMALHO MOREIRA,4,33H,QQC,40,I,"TER 11-13  / GAVEA 
QUI 11-13  / GAVEA",0,0,NÃO,UCB
INF1005,PROGRAMACAO I,CAROLINA DE LIMA AGUILAR,4,33I,QQC,40,I,"TER 13-15  / GAVEA 
QUI 13-15  / GAVEA",0,0,NÃO,UCB
INF1005,PROGRAMACAO I,SERGIO COLCHER,4,33J,QQC,40,I,"TER 13-15  / GAVEA 
QUI 13-15  / GAVEA",0,0,NÃO,UCB
INF1005,PROGRAMACAO I,LUIZ FERNANDO BESSA SEIBEL,4,33K,QQC,40,I,"TER 11-13  / GAVEA 
QUI 11-13  / GAVEA",0,0,NÃO,UCB
INF1005,PROGRAMACAO I,LUIZ FERNANDO GOMES SOARES,4,33M,QQC,40,I,"TER 11-13  / GAVEA 
QUI 11-13  / GAVEA",0,0,NÃO,UCB
INF1007,PROGRAMACAO II,IVAN MATHIAS FILHO,4,33B,QQC,40,I,"SEG 07-09  / GAVEA 
QUA 07-09  / GAVEA",0,0,SIM,UCB
INF1007,PROGRAMACAO II,PAULA YPIRANGA DOS GUARANYS,4,33C,QQC,40,I,"SEG 09-11  / GAVEA 
QUA 09-11  / GAVEA",0,0,SIM,UCB
INF1007,PROGRAMACAO II,CLAUDIA FERLIN,4,33D,QQC,40,I,"SEG 09-11  / GAVEA 
QUA 09-11  / GAVEA",0,0,SIM,UCB
INF1007,PROGRAMACAO II,ROGERIO FERREIRA RODRIGUES,4,33E,QQC,40,I,"SEG 07-09  / GAVEA 
QUA 07-09  / GAVEA",0,0,SIM,UCB
INF1007,PROGRAMACAO II,JOISA DE SOUZA OLIVEIRA,4,33F,QQC,40,I,"SEG 11-13  / GAVEA 
QUA 11-13  / GAVEA",0,0,SIM,UCB
INF1007,PROGRAMACAO II,JOISA DE SOUZA OLIVEIRA,4,33G,QQC,40,I,"SEG 13-15  / GAVEA 
QUA 13-15  / GAVEA",0,0,SIM,UCB
INF1007,PROGRAMACAO II,PAULA YPIRANGA DOS GUARANYS,4,33H,QQC,40,I,"SEG 13-15  / GAVEA 
QUA 13-15  / GAVEA",0,0,SIM,UCB
INF1007,PROGRAMACAO II,JOISA DE SOUZA OLIVEIRA,4,33I,QQC,40,I,"SEG 15-17  / GAVEA 
QUA 15-17  / GAVEA",0,0,SIM,UCB
INF1007,PROGRAMACAO II,ALBERTO BARBOSA RAPOSO,4,33J,QQC,40,I,"SEG 15-17  / GAVEA 
QUA 15-17  / GAVEA",0,0,SIM,UCB
INF1007,PROGRAMACAO II,BERNARDO PEREIRA NUNES,4,33N,QQC,35,I,"SEG 13-15  / BARRA 
QUA 13-15  / BARRA",0,0,SIM,UCB
INF1008,INTROD ARQ DE COMPUTADORES,LUIZ FERNANDO BESSA SEIBEL,2,3WB,CCI,2,I,SEX 15-17  / GAVEA,0,0,NÃO,INF
INF1008,INTROD ARQ DE COMPUTADORES,LUIZ FERNANDO BESSA SEIBEL,2,3WB,QQC,28,I,SEX 15-17  / GAVEA,0,0,NÃO,INF
INF1009,LOGICA PARA COMPUTACAO,HORISTA A CONTRATAR,4,3WB,QQC,40,I,"TER 13-15  / GAVEA 
QUI 13-15  / GAVEA",0,0,NÃO,INF
INF1010,ESTRUTURAS DE DADOS AVANCADAS,MARCO ANTONIO CASANOVA,4,3WA,QQC,30,I,"SEG 15-17  / GAVEA 
QUA 15-17  / GAVEA",0,0,SIM,INF
INF1010,ESTRUTURAS DE DADOS AVANCADAS,TEMPO CONTINUO A DEFINIR,4,3WB,QQC,30,I,"SEG 17-19  / GAVEA 
QUA 17-19  / GAVEA",0,0,SIM,INF
INF1012,MODELAGEM DE DADOS,IVAN MATHIAS FILHO,2,3WA,QQC,30,I,SEX 09-11  / GAVEA,0,0,NÃO,INF
INF1012,MODELAGEM DE DADOS,IVAN MATHIAS FILHO,2,3WB,QQC,30,I,SEX 13-15  / GAVEA,0,0,NÃO,INF
INF1013,MODELAGEM DE SOFTWARE,IVAN MATHIAS FILHO,4,3WA,QQC,30,I,"SEG 17-19  / GAVEA 
QUA 17-19  / GAVEA",0,0,SIM,INF
INF1014,SEMINARIOS,ANA CAROLINA LETICHEVSKY,1,3WA,QQC,35,I,QUI 17-18  / GAVEA,0,0,SIM,INF
INF1015,COMPUTABILIDADE,EDWARD HERMANN HAEUSLER,4,3WA,QQC,20,I,"TER 13-15  / GAVEA 
QUI 13-15  / GAVEA",0,0,SIM,INF
INF1016,ESPEC/ANAL FORMAL DE SISTEMAS,EDWARD HERMANN HAEUSLER,4,3WA,QQC,30,I,"TER 15-17  / GAVEA 
QUI 15-17  / GAVEA",0,0,SIM,INF
INF1018,SOFTWARE BASICO,NOEMI DE LA ROCQUE RODRIGUEZ,4,3WA,QQC,30,I,"TER 09-11  / GAVEA 
QUI 09-11  / GAVEA",0,0,SIM,INF
INF1018,SOFTWARE BASICO,ANA LUCIA DE MOURA,4,3WB,QQC,30,I,"TER 11-13  / GAVEA 
QUI 11-13  / GAVEA",0,0,SIM,INF
INF1019,SISTEMAS DE COMPUTACAO,MARKUS ENDLER,4,3WA,QQC,30,I,"TER 11-13  / GAVEA 
QUI 11-13  / GAVEA",0,0,SIM,INF
INF1020,PRINC SISTEMAS DE INFORMACAO,LUIZ FERNANDO BESSA SEIBEL,4,3WA,CCI,2,I,"TER 13-15  / GAVEA 
QUI 13-15  / GAVEA",0,0,NÃO,INF
INF1020,PRINC SISTEMAS DE INFORMACAO,LUIZ FERNANDO BESSA SEIBEL,4,3WA,QQC,28,I,"TER 13-15  / GAVEA 
QUI 13-15  / GAVEA",0,0,NÃO,INF
INF1021,PRINC GOVERN TECN INFORMACAO,FRANCIS BERENGER MACHADO,4,3WA,QQC,30,I,"TER 13-15  / GAVEA 
QUI 13-15  / GAVEA",0,0,SIM,INF
INF1023,GERENCIAMENTO SERVICOS EM TI,FRANCIS BERENGER MACHADO,4,3WA,QQC,30,I,"SEG 17-19  / GAVEA 
QUA 17-19  / GAVEA",0,0,SIM,INF
INF1030,CONCEITOS DE INFORMATICA,ALEXANDRE MALHEIROS MESLIN,3,3AA,CDI,4,I,SEX 07-10  / GAVEA,0,0,NÃO,ART
INF1030,CONCEITOS DE INFORMATICA,CAROLINA DE LIMA AGUILAR,3,3AB,CDI,4,I,QUA 11-14  / GAVEA,0,0,NÃO,ART
INF1030,CONCEITOS DE INFORMATICA,ALEXANDRE MALHEIROS MESLIN,3,3AA,DIG,18,I,SEX 07-10  / GAVEA,0,0,NÃO,ART
INF1030,CONCEITOS DE INFORMATICA,CAROLINA DE LIMA AGUILAR,3,3AB,DIG,18,I,QUA 11-14  / GAVEA,0,0,NÃO,ART
INF1190,TOPICOS AVANCADOS COMPUTACAO,MARCUS VINICIUS S P DE ARAGAO,2,3WA,QQC,15,I,GAVEA,0,2,NÃO,INF
INF1301,PROGRAMACAO MODULAR,FLAVIO HELENO BEVILACQUA E SILVA,4,3WA,QQC,40,I,"SEG 17-19  / GAVEA 
QUA 17-19  / GAVEA",0,0,SIM,INF
INF1317,REDES DE COMPUTADORES,SERGIO COLCHER,4,3WA,CCI,2,I,"TER 15-17  / GAVEA 
QUI 15-17  / GAVEA",0,0,SIM,INF
INF1317,REDES DE COMPUTADORES,SERGIO COLCHER,4,3WA,QQC,28,I,"TER 15-17  / GAVEA 
QUI 15-17  / GAVEA",0,0,SIM,INF
INF1326,INTERNET E ARQUITETURA TCP/IP,SERGIO COLCHER,4,3WA,QQC,20,I,SEX 09-12  / GAVEA,0,1,SIM,INF
INF1335,TOP ESPECIAIS EM INFORMATICA,SIMONE DINIZ JUNQUEIRA BARBOSA,4,3WA,QQC,20,I,"SEG 15-17  / GAVEA 
QUA 15-17  / GAVEA",0,0,NÃO,INF
INF1339,COMPUTACAO GRAF TRIDIMENSIONAL,WALDEMAR CELES FILHO,4,3WA,QQC,20,I,"SEG 17-19  / GAVEA 
QUA 17-19  / GAVEA",0,0,SIM,INF
INF1359,PROJETO FINAL II,JOISA DE SOUZA OLIVEIRA,4,3WA,QQC,30,I,GAVEA,0,6,SIM,INF
INF1374,BANCO DE DADOS IV,ROGERIO LUIS DE CARVALHO COSTA,4,3WA,QQC,20,I,"TER 19-21  / GAVEA 
QUI 19-21  / GAVEA",0,0,SIM,INF
INF1377,ENGENHARIA DE REQUISITOS,JULIO CESAR SAMPAIO DO PRADO LEITE,4,3WA,QQC,30,I,"TER 15-17  / GAVEA 
QUI 15-17  / GAVEA",0,0,SIM,INF
INF1383,BANCOS DE DADOS,SERGIO LIFSCHITZ,4,3WA,CCI,1,I,"TER 15-17  / GAVEA 
QUI 15-17  / GAVEA",0,0,SIM,INF
INF1383,BANCOS DE DADOS,SERGIO LIFSCHITZ,4,3WA,QQC,24,I,"TER 15-17  / GAVEA 
QUI 15-17  / GAVEA",0,0,SIM,INF
INF1383,BANCOS DE DADOS,MARCOS VIANNA VILLAS,4,3WB,QQC,25,I,"TER 07-09  / GAVEA 
QUI 07-09  / GAVEA",0,0,SIM,INF
INF1403,INTR INT HUMANO-COMPUTADOR,CLARISSE SIECKENIUS DE SOUZA,4,3WB,QQC,30,I,"SEG 13-15  / GAVEA 
QUA 13-15  / GAVEA",0,0,NÃO,INF
INF1405,CONSTRUCAO DE SISTEMAS,EDMUNDO BASTOS TORREAO,5,3WA,QQC,20,I,"TER 19-21  / GAVEA 
QUI 19-21  / GAVEA",0,2,SIM,INF
INF1406,PROGR DISTRIBUIDA CONCORRENTE,CARLOS EDUARDO LARA AUGUSTO,4,3WA,QQC,20,I,"SEG 19-21  / GAVEA 
QUA 19-21  / GAVEA",0,0,SIM,INF
INF1407,PROGRAMACAO PARA A WEB,ALEXANDRE MALHEIROS MESLIN,4,3WA,QQC,30,I,"SEG 19-21  / GAVEA 
QUA 19-21  / GAVEA",0,0,SIM,INF
INF1408,ANALISE DE PROCESSOS,EDMUNDO BASTOS TORREAO,4,3WA,QQC,30,I,"TER 17-19  / GAVEA 
QUI 17-19  / GAVEA",0,0,SIM,INF
INF1410,GERENC PROJ EM INFORMATICA,MARCANTONIO GIUSEPPE MARIA C FABRA,4,3WA,QQC,30,I,"SEG 19-21  / GAVEA 
QUA 19-21  / GAVEA",0,0,SIM,INF
INF1411,PROJETO FINAL I,JOISA DE SOUZA OLIVEIRA,4,3WA,QQC,30,I,GAVEA,0,4,NÃO,INF
INF1412,PROJETO FINAL II,JOISA DE SOUZA OLIVEIRA,4,3WA,QQC,30,I,GAVEA,0,4,SIM,INF
INF1413,TESTE DE SOFTWARE,ARNDT VON STAA,4,3WA,QQC,30,I,"SEG 17-19  / GAVEA 
QUA 17-19  / GAVEA",0,0,SIM,INF
INF1414,QUALIDADE DE SOFTWARE,GUSTAVO ROBICHEZ DE CARVALHO,4,3WA,CCI,2,I,"TER 19-21  / GAVEA 
QUI 19-21  / GAVEA",0,0,SIM,INF
INF1414,QUALIDADE DE SOFTWARE,GUSTAVO ROBICHEZ DE CARVALHO,4,3WA,QQC,28,I,"TER 19-21  / GAVEA 
QUI 19-21  / GAVEA",0,0,SIM,INF
INF1416,SEGURANCA DA INFORMACAO,ANDERSON OLIVEIRA DA SILVA,4,3WA,CCI,2,I,"SEG 17-19  / GAVEA 
QUA 17-19  / GAVEA",0,0,SIM,INF
INF1416,SEGURANCA DA INFORMACAO,ANDERSON OLIVEIRA DA SILVA,4,3WA,QQC,28,I,"SEG 17-19  / GAVEA 
QUA 17-19  / GAVEA",0,0,SIM,INF
INF1503,PROCES DE DADOS(PARA ECONOMIA),ANA CAROLINA LETICHEVSKY,4,3JA,CEC,35,I,"SEG 11-13  / GAVEA 
QUA 11-13  / GAVEA",0,0,NÃO,ECO
INF1503,PROCES DE DADOS(PARA ECONOMIA),CAROLINA DE LIMA AGUILAR,4,3JB,CEC,35,I,"TER 11-13  / GAVEA 
QUI 11-13  / GAVEA",0,0,NÃO,ECO
INF1608,ANALISE NUMERICA I,WALDEMAR CELES FILHO,4,3WA,QQC,20,I,"SEG 13-15  / GAVEA 
QUA 13-15  / GAVEA",0,0,SIM,INF
INF1626,LING FORMAIS E AUTOMATOS,EDWARD HERMANN HAEUSLER,4,3WA,QQC,40,I,"SEG 11-13  / GAVEA 
QUA 11-13  / GAVEA",0,0,SIM,INF
INF1631,ESTRUTURAS DISCRETAS,RUY LUIZ MILIDIU,4,3WA,QQC,30,I,"SEG 09-11  / GAVEA 
QUA 09-11  / GAVEA",0,0,NÃO,INF
INF1631,ESTRUTURAS DISCRETAS,THIBAUT VICTOR GASTON VIDAL,4,3WB,QQC,30,I,"SEG 09-11  / GAVEA 
QUA 09-11  / GAVEA",0,0,NÃO,INF
INF1636,PROGRAMACAO ORIENTADA OBJETOS,IVAN MATHIAS FILHO,4,3WA,CCI,2,I,"SEG 15-17  / GAVEA 
QUA 15-17  / GAVEA",0,0,SIM,INF
INF1636,PROGRAMACAO ORIENTADA OBJETOS,IVAN MATHIAS FILHO,4,3WA,QQC,40,I,"SEG 15-17  / GAVEA 
QUA 15-17  / GAVEA",0,0,SIM,INF
INF1640,REDES DE COMUNICACAO DE DADOS,LUIZ FERNANDO GOMES SOARES,4,3WA,QQC,30,I,"TER 09-11  / GAVEA 
QUI 09-11  / GAVEA",0,1,SIM,INF
INF1715,COMPILADORES,ROBERTO IERUSALIMSCHY,4,3WA,CCI,1,I,"TER 09-11  / GAVEA 
QUI 09-11  / GAVEA",0,0,SIM,INF
INF1715,COMPILADORES,ROBERTO IERUSALIMSCHY,4,3WA,QQC,14,I,"TER 09-11  / GAVEA 
QUI 09-11  / GAVEA",0,0,SIM,INF
INF1721,ANALISE DE ALGORITMOS,RAUL PIERRE RENTERIA,4,3WB,CCI,2,I,"TER 19-21  / GAVEA 
QUI 19-21  / GAVEA",0,0,SIM,INF
INF1721,ANALISE DE ALGORITMOS,MARCUS VINICIUS S P DE ARAGAO,4,3WA,QQC,30,I,"SEG 09-11  / GAVEA 
QUA 09-11  / GAVEA",0,0,SIM,INF
INF1721,ANALISE DE ALGORITMOS,RAUL PIERRE RENTERIA,4,3WB,QQC,28,I,"TER 19-21  / GAVEA 
QUI 19-21  / GAVEA",0,0,SIM,INF
INF1761,COMPUTACAO GRAFICA,MARCELO GATTASS,4,3WA,QQC,30,I,"SEG 15-17  / GAVEA 
QUA 15-17  / GAVEA",0,0,SIM,INF
INF1771,INTELIGENCIA ARTIFICIAL,HELIO CORTES VIEIRA LOPES,4,3WA,CCI,2,I,"TER 13-15  / GAVEA 
QUI 13-15  / GAVEA",0,0,SIM,INF
INF1771,INTELIGENCIA ARTIFICIAL,HELIO CORTES VIEIRA LOPES,4,3WA,QQC,28,I,"TER 13-15  / GAVEA 
QUI 13-15  / GAVEA",0,0,SIM,INF
INF1806,TOPICOS EM ENG COMPUTACAO V,FRANCIS BERENGER MACHADO,4,3WA,QQC,30,I,"TER 15-17  / GAVEA 
QUI 15-17  / GAVEA",0,0,NÃO,INF
INF1811,SEMINARIO I,COORDENADOR DE CURSO,1,3WA,QQC,10,I,GAVEA,0,1,SIM,INF
INF1812,SEMINARIO II,MYRIAM SERTA COSTA,2,3WA,QQC,10,I,SEG 15-17  / GAVEA,0,0,NÃO,INF
INF1813,SEMINARIO III,COORDENADOR DE CURSO,3,3WA,QQC,10,I,GAVEA,0,3,SIM,INF
INF1814,SEMINARIO IV,COORDENADOR DE CURSO,4,3WA,QQC,10,I,GAVEA,0,4,SIM,INF
INF1821,PROJETO ORIENTADO I,COORDENADOR DE CURSO,1,3WA,QQC,10,I,GAVEA,0,2,SIM,INF
INF1822,PROJETO ORIENTADO II,COORDENADOR DE CURSO,2,3WA,QQC,10,I,GAVEA,0,4,NÃO,INF
INF1823,PROJETO ORIENTADO III,COORDENADOR DE CURSO,3,3WA,QQC,10,I,GAVEA,0,6,SIM,INF
INF1824,PROJETO ORIENTADO IV,COORDENADOR DE CURSO,4,3WA,QQC,10,I,GAVEA,0,8,SIM,INF
INF1920,ESTAGIO SUPERVISIONADO,MELISSA LEMOS CAVALIERE,1,3WA,QQC,30,I,GAVEA,0,11,SIM,INF
INF1950,PROJETO FINAL I,JOISA DE SOUZA OLIVEIRA,2,3WA,QQC,30,I,GAVEA,0,2,SIM,INF
INF1951,PROJETO FINAL II,JOISA DE SOUZA OLIVEIRA,2,3WA,QQC,30,I,GAVEA,0,2,SIM,INF
INF1005, PROGRAMACAO I ,HORISTA A CONTRATAR,4,33A,QQC,32,I,TER 14-16 BAR24 / BARRA  QUI 14-16 BAR22 / BARRA  ,0,0,NÃO,UCB
INF1005, PROGRAMACAO I ,GUSTAVO COSTA GOMES MOREIRA,4,33B,QQC,13,I,TER 08-10 BAR24 / BARRA  QUI 08-10 BAR22 / BARRA  ,0,0,NÃO,UCB
INF1005, PROGRAMACAO I ,CLAUDIA FERLIN,4,33C,QQC,0,I,TER 07-09 L546 / GAVEA  QUI 07-09 L150 / GAVEA  ,0,0,NÃO,UCB
INF1005, PROGRAMACAO I ,PAULA YPIRANGA DOS GUARANYS,4,33D,QQC,0,I,TER 09-11 L150 / GAVEA  QUI 09-11 L546 / GAVEA  ,0,0,NÃO,UCB
INF1005, PROGRAMACAO I ,CLAUDIA FERLIN,4,33E,QQC,0,I,TER 09-11 L546 / GAVEA  QUI 09-11 L150 / GAVEA  ,0,0,NÃO,UCB
INF1005, PROGRAMACAO I ,HELIO CORTES VIEIRA LOPES,4,33F,QQC,4,I,TER 13-15 L456 / GAVEA  QUI 13-15 L270 / GAVEA  ,0,0,NÃO,UCB
INF1005, PROGRAMACAO I ,CLAUDIA FERLIN,4,33H,QQC,1,I,TER 11-13 L252 / GAVEA  QUI 11-13 L150 / GAVEA  ,0,0,NÃO,UCB
INF1005, PROGRAMACAO I ,SERGIO COLCHER,4,33I,QQC,19,I,TER 13-15 L270 / GAVEA  QUI 13-15 L546 / GAVEA  ,0,0,NÃO,UCB
INF1005, PROGRAMACAO I ,CLAUDIA FERLIN,4,33J,QQC,0,I,TER 13-15 L546 / GAVEA  QUI 13-15 L428 / GAVEA  ,0,0,NÃO,UCB
INF1005, PROGRAMACAO I ,PAULA YPIRANGA DOS GUARANYS,4,33K,QQC,1,I,TER 11-13 L160 / GAVEA  QUI 11-13 L258 / GAVEA  ,0,0,NÃO,UCB
INF1005, PROGRAMACAO I ,HUGO FUKS,4,33L,QQC,1,I,TER 15-17 L654 / GAVEA  QUI 15-17 L274 / GAVEA  ,0,0,NÃO,UCB
INF1005, PROGRAMACAO I ,JOSE CARLOS RAMALHO MOREIRA,4,33M,QQC,5,I,TER 11-13 L258 / GAVEA  QUI 11-13 L144 / GAVEA  ,0,0,NÃO,UCB
INF1005, PROGRAMACAO I ,CAROLINA DE LIMA AGUILAR,4,33N,QQC,0,I,TER 13-15 L481 / GAVEA  QUI 13-15 L258 / GAVEA  ,0,0,NÃO,UCB
INF1005, PROGRAMACAO I ,CAROLINA DE LIMA AGUILAR,4,33O,QQC,0,I,TER 07-09 L258 / GAVEA  QUI 07-09 L314 / GAVEA  ,0,0,NÃO,UCB
INF1005, PROGRAMACAO I ,IVAN MATHIAS FILHO,4,33P,QQC,10,I,TER 11-13 L654 / GAVEA  QUI 11-13 L118 / GAVEA  ,0,0,NÃO,UCB
INF1005, PROGRAMACAO I ,SERGIO COLCHER,4,33Q,QQC,2,I,TER 15-17 L270 / GAVEA  QUI 15-17 L546 / GAVEA  ,0,0,NÃO,UCB
INF1007, PROGRAMACAO II ,IVAN MATHIAS FILHO,4,33B,QQC,0,I,SEG 07-09 L546 / GAVEA  QUA 07-09 L774 / GAVEA  ,0,0, SIM ,UCB
INF1007, PROGRAMACAO II ,MARCELO GATTASS,4,33C,QQC,0,I,SEG 09-11 L546 / GAVEA  QUA 09-11 L118 / GAVEA  ,0,0, SIM ,UCB
INF1007, PROGRAMACAO II ,JOISA DE SOUZA OLIVEIRA,4,33D,QQC,0,I,SEG 09-11 L224 / GAVEA  QUA 09-11 L546 / GAVEA  ,0,0, SIM ,UCB
INF1007, PROGRAMACAO II ,PAULA YPIRANGA DOS GUARANYS,4,33E,QQC,0,I,SEG 11-13 L546 / GAVEA  QUA 11-13 L456 / GAVEA  ,0,0, SIM ,UCB
INF1007, PROGRAMACAO II ,JOISA DE SOUZA OLIVEIRA,4,33F,QQC,0,I,SEG 11-13 L428 / GAVEA  QUA 11-13 L546 / GAVEA  ,0,0, SIM ,UCB
INF1007, PROGRAMACAO II ,SERGIO LIFSCHITZ,4,33G,QQC,0,I,SEG 13-15 L546 / GAVEA  QUA 13-15 F410 / GAVEA  ,0,0, SIM ,UCB
INF1007, PROGRAMACAO II ,JOISA DE SOUZA OLIVEIRA,4,33H,QQC,0,I,SEG 13-15 F201A / GAVEA  QUA 13-15 L546 / GAVEA  ,0,0, SIM ,UCB
INF1007, PROGRAMACAO II ,BRUNO FEIJO,4,33I,QQC,0,I,SEG 15-17 L546 / GAVEA  QUA 15-17 L428 / GAVEA  ,0,0, SIM ,UCB
INF1007, PROGRAMACAO II ,EDIRLEI EVERSON SOARES DE LIMA,4,33J,QQC,0,I,SEG 15-17 L160 / GAVEA  QUA 15-17 L546 / GAVEA  ,0,0, SIM ,UCB
INF1007, PROGRAMACAO II ,ANA LUCIA DE MOURA,4,33L,QQC,0,I,SEG 15-17 L314 / GAVEA  QUA 15-17 L481 / GAVEA  ,0,0, SIM ,UCB
INF1007, PROGRAMACAO II ,ROGERIO FERREIRA RODRIGUES,4,33M,QQC,0,I,SEG 07-09 L270 / GAVEA  QUA 07-09 L258 / GAVEA  ,0,0, SIM ,UCB
INF1007, PROGRAMACAO II ,JOISA DE SOUZA OLIVEIRA,4,33N,QQC,0,I,SEG 07-09 L504 / GAVEA  QUA 07-09 L546 / GAVEA  ,0,0, SIM ,UCB
INF1007, PROGRAMACAO II ,HORISTA A CONTRATAR,4,33O,QQC,0,I,SEG 13-15 L452 / GAVEA  QUA 13-15 L252 / GAVEA  ,0,0, SIM ,UCB
INF1007, PROGRAMACAO II ,HORISTA A CONTRATAR,4,33P,QQC,0,I,SEG 11-13 L270 / GAVEA  QUA 11-13 L270 / GAVEA  ,0,0, SIM ,UCB
INF1008, INTROD ARQ DE COMPUTADORES ,LUIZ FERNANDO BESSA SEIBEL,2,3WB,CCI,2,I,SEX 15-17 L150 / GAVEA  ,0,0,NÃO,INF
INF1008, INTROD ARQ DE COMPUTADORES ,LUIZ FERNANDO BESSA SEIBEL,2,3WA,QQC,0,I,SEX 13-15 L150 / GAVEA  ,0,0,NÃO,INF
INF1008, INTROD ARQ DE COMPUTADORES ,LUIZ FERNANDO BESSA SEIBEL,2,3WB,QQC,0,I,SEX 15-17 L150 / GAVEA  ,0,0,NÃO,INF
INF1009, LOGICA PARA COMPUTACAO ,BRUNO LOPES VIEIRA,4,3WA,QQC,0,I,TER 13-15 L150 / GAVEA  QUI 13-15 L150 / GAVEA  ,0,0,NÃO,INF
INF1009, LOGICA PARA COMPUTACAO ,TEMPO CONTINUO A DEFINIR,4,3WB,QQC,0,I,TER 13-15 L774 / GAVEA  QUI 13-15 L774 / GAVEA  ,0,0,NÃO,INF
INF1010, ESTRUTURAS DE DADOS AVANCADAS ,MARCO ANTONIO CASANOVA,4,3WA,QQC,2,I,SEG 15-17 L504 / GAVEA  QUA 15-17 L504 / GAVEA  ,0,0, SIM ,INF
INF1010, ESTRUTURAS DE DADOS AVANCADAS ,WALDEMAR CELES FILHO,4,3WB,QQC,17,I,SEG 17-19 L504 / GAVEA  QUA 17-19 L504 / GAVEA  ,0,0, SIM ,INF
INF1011, SEMANTICA DE LINGUAGENS ,ROBERTO IERUSALIMSCHY,4,3WA,QQC,14,I,TER 13-15 L524 / GAVEA  QUI 13-15 L524 / GAVEA  ,0,0, SIM ,INF
INF1012, MODELAGEM DE DADOS ,IVAN MATHIAS FILHO,2,3WA,QQC,0,I,SEX 09-11 L504 / GAVEA  ,0,0,NÃO,INF
INF1012, MODELAGEM DE DADOS ,IVAN MATHIAS FILHO,2,3WB,QQC,0,I,SEX 13-15 L504 / GAVEA  ,0,0,NÃO,INF
INF1013, MODELAGEM DE SOFTWARE ,IVAN MATHIAS FILHO,4,3WA,QQC,17,I,SEG 17-19 L456 / GAVEA  QUA 17-19 L456 / GAVEA  ,0,0, SIM ,INF
INF1014, SEMINARIOS ,ANA CAROLINA LETICHEVSKY,1,3WA,QQC,5,I,QUI 17-18 L522 / GAVEA  ,0,0, SIM ,INF
INF1015, COMPUTABILIDADE ,TEMPO CONTINUO A DEFINIR,4,3WA,QQC,16,I,TER 13-15 L522 / GAVEA  QUI 13-15 L522 / GAVEA  ,0,0, SIM ,INF
INF1016, ESPEC/ANAL FORMAL DE SISTEMAS ,TEMPO CONTINUO A DEFINIR,4,3WA,QQC,19,I,TER 15-17 L224 / GAVEA  QUI 15-17 L150 / GAVEA  ,0,0, SIM ,INF
INF1018, SOFTWARE BASICO ,NOEMI DE LA ROCQUE RODRIGUEZ,4,3WA,QQC,1,I,TER 11-13 L546 / GAVEA  QUI 11-13 L546 / GAVEA  ,0,0, SIM ,INF
INF1018, SOFTWARE BASICO ,ANA LUCIA DE MOURA,4,3WB,QQC,0,I,TER 11-13 L548 / GAVEA  QUI 11-13 L548 / GAVEA  ,0,0, SIM ,INF
INF1019, SISTEMAS DE COMPUTACAO ,MARKUS ENDLER,4,3WA,QQC,6,I,TER 11-13 L504 / GAVEA  QUI 11-13 L504 / GAVEA  ,0,0, SIM ,INF
INF1020, PRINC SISTEMAS DE INFORMACAO ,LUIZ FERNANDO BESSA SEIBEL,4,3WA,CCI,1,I,TER 13-15 L508 / GAVEA  QUI 13-15 L508 / GAVEA  ,0,0,NÃO,INF
INF1020, PRINC SISTEMAS DE INFORMACAO ,LUIZ FERNANDO BESSA SEIBEL,4,3WA,QQC,13,I,TER 13-15 L508 / GAVEA  QUI 13-15 L508 / GAVEA  ,0,0,NÃO,INF
INF1021, PRINC GOVERN TECN INFORMACAO ,FRANCIS BERENGER MACHADO,4,3WA,QQC,22,I,TER 21-23 L454 / GAVEA  QUI 21-23 L454 / GAVEA  ,0,0, SIM ,INF
INF1023, GERENCIAMENTO SERVICOS EM TI ,FRANCIS BERENGER MACHADO,4,3WA,QQC,19,I,SEG 17-19 L508 / GAVEA  QUA 17-19 L508 / GAVEA  ,0,0, SIM ,INF
INF1030, CONCEITOS DE INFORMATICA ,HORISTA A CONTRATAR,3,3AA,CDI,7,D,SEX 07-10 RT02 / GAVEA  ,0,0,NÃO,ART
INF1030, CONCEITOS DE INFORMATICA ,HORISTA A CONTRATAR,3,3AB,CDI,0,D,QUA 11-14 RT02 / GAVEA  ,0,0,NÃO,ART
INF1030, CONCEITOS DE INFORMATICA ,HORISTA A CONTRATAR,3,3AA,DIG,3,D,SEX 07-10 RT02 / GAVEA  ,0,0,NÃO,ART
INF1030, CONCEITOS DE INFORMATICA ,HORISTA A CONTRATAR,3,3AB,DIG,0,D,QUA 11-14 RT02 / GAVEA  ,0,0,NÃO,ART
INF1301, PROGRAMACAO MODULAR ,ALESSANDRO FABRICIO GARCIA,4,3WA,QQC,19,I,SEG 13-15 L508 / GAVEA  QUA 13-15 L508 / GAVEA  ,0,0, SIM ,INF
INF1301, PROGRAMACAO MODULAR ,FLAVIO HELENO BEVILACQUA E SILVA,4,3WB,QQC,3,I,SEG 17-19 L524 / GAVEA  QUA 17-19 L524 / GAVEA  ,0,0, SIM ,INF
INF1317, REDES DE COMPUTADORES ,SERGIO COLCHER,4,3WA,CCI,2,I,TER 17-19 L406 / GAVEA  QUI 17-19 L406 / GAVEA  ,0,0, SIM ,INF
INF1317, REDES DE COMPUTADORES ,SERGIO COLCHER,4,3WA,QQC,15,I,TER 17-19 L406 / GAVEA  QUI 17-19 L406 / GAVEA  ,0,0, SIM ,INF
INF1340, BANCO DE DADOS II ,MARCOS VIANNA VILLAS,4,3WA,CCI,2,I,TER 19-21 L504 / GAVEA  QUI 19-21 L504 / GAVEA  ,0,0, SIM ,INF
INF1340, BANCO DE DADOS II ,MARCOS VIANNA VILLAS,4,3WA,QQC,18,I,TER 19-21 L504 / GAVEA  QUI 19-21 L504 / GAVEA  ,0,0, SIM ,INF
INF1355, PROBABILIDADE E ESTATISTICA ,ANA CAROLINA LETICHEVSKY,5,3WA,QQC,24,I,TER 19-21 L522 / GAVEA  QUI 19-21 L522 / GAVEA  ,0,2, SIM ,INF
INF1359, PROJETO FINAL II ,JOSE CARLOS MILLAN,4,3WA,QQC,27,I,GAVEA,0,6, SIM ,INF
INF1374, BANCO DE DADOS IV ,ROGERIO LUIS DE CARVALHO COSTA,4,3WA,QQC,27,I,TER 17-19 L546 / GAVEA  QUI 17-19 L546 / GAVEA  ,0,0, SIM ,INF
INF1377, ENGENHARIA DE REQUISITOS ,JULIO CESAR SAMPAIO DO PRADO LEITE,4,3WA,QQC,1,I,TER 15-17 L524 / GAVEA  QUI 15-17 L524 / GAVEA  ,0,0, SIM ,INF
INF1383, BANCOS DE DADOS ,SERGIO LIFSCHITZ,4,3WA,CCI,0,I,TER 15-17 L456 / GAVEA  QUI 15-17 L456 / GAVEA  ,0,0, SIM ,INF
INF1383, BANCOS DE DADOS ,SERGIO LIFSCHITZ,4,3WA,QQC,16,I,TER 15-17 L456 / GAVEA  QUI 15-17 L456 / GAVEA  ,0,0, SIM ,INF
INF1403, INTR INT HUMANO-COMPUTADOR ,CLARISSE SIECKENIUS DE SOUZA,4,3WA,QQC,0,I,SEG 13-15 L504 / GAVEA  QUA 13-15 L504 / GAVEA  ,0,0,NÃO,INF
INF1403, INTR INT HUMANO-COMPUTADOR ,ALBERTO BARBOSA RAPOSO,4,3WB,QQC,0,I,SEG 13-15 K113 / GAVEA  QUA 13-15 L238 / GAVEA  ,0,0,NÃO,INF
INF1404, MODELAGEM DE SISTEMAS ,IVAN MATHIAS FILHO,4,3WA,QQC,8,I,SEG 17-19 L456 / GAVEA  QUA 17-19 L456 / GAVEA  ,0,0, SIM ,INF
INF1405, CONSTRUCAO DE SISTEMAS ,EDMUNDO BASTOS TORREAO,5,3WA,QQC,26,I,TER 19-21 L508 / GAVEA  QUI 19-21 L508 / GAVEA  ,0,2, SIM ,INF
INF1406, PROGR DISTRIBUIDA CONCORRENTE ,CARLOS EDUARDO LARA AUGUSTO,4,3WA,QQC,24,I,SEG 19-21 L508 / GAVEA  QUA 19-21 L508 / GAVEA  ,0,0, SIM ,INF
INF1407, PROGRAMACAO PARA A WEB ,ALEXANDRE MALHEIROS MESLIN,4,3WA,QQC,14,I,SEG 19-21 L546 / GAVEA  QUA 19-21 L546 / GAVEA  ,0,0, SIM ,INF
INF1408, ANALISE DE PROCESSOS ,EDMUNDO BASTOS TORREAO,4,3WA,QQC,19,I,TER 17-19 L508 / GAVEA  QUI 17-19 L508 / GAVEA  ,0,0, SIM ,INF
INF1410, GERENC PROJ EM INFORMATICA ,MARCANTONIO GIUSEPPE MARIA C FABRA,4,3WA,QQC,20,I,SEG 19-21 L522 / GAVEA  QUA 19-21 L522 / GAVEA  ,0,0, SIM ,INF
INF1411, PROJETO FINAL I ,JOSE CARLOS MILLAN,4,3WA,QQC,26,I,GAVEA,0,4,NÃO,INF
INF1412, PROJETO FINAL II ,JOSE CARLOS MILLAN,4,3WA,QQC,23,I,GAVEA,0,4, SIM ,INF
INF1413, TESTE DE SOFTWARE ,ARNDT VON STAA,4,3WA,QQC,7,I,SEG 17-19 L150 / GAVEA  QUA 17-19 L150 / GAVEA  ,0,0, SIM ,INF
INF1414, QUALIDADE DE SOFTWARE ,GUSTAVO ROBICHEZ DE CARVALHO,4,3WA,CCI,2,I,TER 19-21 L524 / GAVEA  QUI 19-21 L524 / GAVEA  ,0,0, SIM ,INF
INF1414, QUALIDADE DE SOFTWARE ,GUSTAVO ROBICHEZ DE CARVALHO,4,3WA,QQC,18,I,TER 19-21 L524 / GAVEA  QUI 19-21 L524 / GAVEA  ,0,0, SIM ,INF
INF1416, SEGURANCA DA INFORMACAO ,ANDERSON OLIVEIRA DA SILVA,4,3WA,CCI,2,I,SEG 17-19 L336 / GAVEA  QUA 17-19 L522 / GAVEA  ,0,0, SIM ,INF
INF1416, SEGURANCA DA INFORMACAO ,ANDERSON OLIVEIRA DA SILVA,4,3WA,QQC,19,I,SEG 17-19 L336 / GAVEA  QUA 17-19 L522 / GAVEA  ,0,0, SIM ,INF
INF1503, PROCES DE DADOS(PARA ECONOMIA) ,HORISTA A CONTRATAR,4,3JA,BCE,1,D,SEG 11-13 F301 / GAVEA  QUA 11-13 F301 / GAVEA  ,0,0,NÃO,ECO
INF1503, PROCES DE DADOS(PARA ECONOMIA) ,HORISTA A CONTRATAR,4,3JB,BCE,3,D,TER 11-13 L508 / GAVEA  QUI 11-13 L508 / GAVEA  ,0,0,NÃO,ECO
INF1608, ANALISE NUMERICA I ,THEREZINHA SOUZA DA COSTA,4,3WA,QQC,11,I,SEG 13-15 L522 / GAVEA  QUA 13-15 L522 / GAVEA  ,0,0, SIM ,INF
INF1626, LING FORMAIS E AUTOMATOS ,BRUNO LOPES VIEIRA,4,3WA,QQC,7,I,SEG 09-11 L504 / GAVEA  QUA 09-11 L504 / GAVEA  ,0,0, SIM ,INF
INF1626, LING FORMAIS E AUTOMATOS ,BRUNO LOPES VIEIRA,4,3WB,QQC,7,I,TER 17-19 L150 / GAVEA  QUI 17-19 L150 / GAVEA  ,0,0, SIM ,INF
INF1629, PRINCIPIOS ENG DE SOFTWARE ,JULIO CESAR SAMPAIO DO PRADO LEITE,4,3WA,QQC,12,I,TER 07-09 L548 / GAVEA  QUI 07-09 L548 / GAVEA  ,0,0, SIM ,INF
INF1631, ESTRUTURAS DISCRETAS ,MARCUS VINICIUS S P DE ARAGAO,4,3WA,QQC,0,I,SEG 11-13 L522 / GAVEA  QUA 11-13 L522 / GAVEA  ,0,0,NÃO,INF
INF1631, ESTRUTURAS DISCRETAS ,DAVID SOTELO PINHEIRO DA SILVA,4,3WB,QQC,16,I,TER 19-21 L150 / GAVEA  QUI 19-21 L150 / GAVEA  ,0,0,NÃO,INF
INF1636, PROGRAMACAO ORIENTADA OBJETOS ,IVAN MATHIAS FILHO,4,3WA,CCI,0,I,SEG 15-17 L456 / GAVEA  QUA 15-17 LAB / GAVEA  ,0,0, SIM ,INF
INF1636, PROGRAMACAO ORIENTADA OBJETOS ,IVAN MATHIAS FILHO,4,3WA,QQC,7,I,SEG 15-17 L456 / GAVEA  QUA 15-17 LAB / GAVEA  ,0,0, SIM ,INF
INF1640, REDES DE COMUNICACAO DE DADOS ,LUIZ FERNANDO GOMES SOARES,4,3WA,QQC,9,I,TER 09-11 L522 / GAVEA  QUI 09-11 L522 / GAVEA  ,0,1, SIM ,INF
INF1715, COMPILADORES ,ROBERTO IERUSALIMSCHY,4,3WA,CCI,1,I,TER 09-11 DPTO / GAVEA  QUI 09-11 L450 / GAVEA  ,0,0, SIM ,INF
INF1715, COMPILADORES ,ROBERTO IERUSALIMSCHY,4,3WA,QQC,6,I,TER 09-11 DPTO / GAVEA  QUI 09-11 L450 / GAVEA  ,0,0, SIM ,INF
INF1721, ANALISE DE ALGORITMOS ,RAUL PIERRE RENTERIA,4,3WB,CCI,1,I,TER 19-21 L520 / GAVEA  QUI 19-21 L520 / GAVEA  ,0,0, SIM ,INF
INF1721, ANALISE DE ALGORITMOS ,EDUARDO SANY LABER,4,3WA,QQC,17,I,SEG 09-11 L308 / GAVEA  QUA 09-11 L308 / GAVEA  ,0,0, SIM ,INF
INF1721, ANALISE DE ALGORITMOS ,RAUL PIERRE RENTERIA,4,3WB,QQC,10,I,TER 19-21 L520 / GAVEA  QUI 19-21 L520 / GAVEA  ,0,0, SIM ,INF
INF1771, INTELIGENCIA ARTIFICIAL ,EDIRLEI EVERSON SOARES DE LIMA,4,3WA,CCI,1,I,SEG 13-15 L524 / GAVEA  QUA 13-15 L524 / GAVEA  ,0,0, SIM ,INF
INF1771, INTELIGENCIA ARTIFICIAL ,EDIRLEI EVERSON SOARES DE LIMA,4,3WA,QQC,6,I,SEG 13-15 L524 / GAVEA  QUA 13-15 L524 / GAVEA  ,0,0, SIM ,INF
INF1811, SEMINARIO I ,COORDENADOR DE CURSO,1,3WA,QQC,10,I,GAVEA,0,1, SIM ,INF
INF1812, SEMINARIO II ,MYRIAM SERTA COSTA,2,3WA,QQC,6,I,SEG 15-17 L150 / GAVEA  ,0,0,NÃO,INF
INF1813, SEMINARIO III ,COORDENADOR DE CURSO,3,3WA,QQC,10,I,GAVEA,0,3, SIM ,INF
INF1814, SEMINARIO IV ,COORDENADOR DE CURSO,4,3WA,QQC,10,I,GAVEA,0,4, SIM ,INF
INF1821, PROJETO ORIENTADO I ,COORDENADOR DE CURSO,1,3WA,QQC,9,I,GAVEA,0,2, SIM ,INF
INF1822, PROJETO ORIENTADO II ,COORDENADOR DE CURSO,2,3WA,QQC,7,I,GAVEA,0,4,NÃO,INF
INF1823, PROJETO ORIENTADO III ,COORDENADOR DE CURSO,3,3WA,QQC,9,I,GAVEA,0,6, SIM ,INF
INF1824, PROJETO ORIENTADO IV ,COORDENADOR DE CURSO,4,3WA,QQC,7,I,GAVEA,0,8, SIM ,INF
INF1902, PLANEJAM NEGOCIOS P/ EMPREEND ,SERGIO RICARDO YATES DOS SANTOS,4,30A,CCI,2,I,SEG 07-09 L422 / GAVEA  QUA 07-09 L422 / GAVEA  ,0,0, SIM ,UEP
INF1902, PLANEJAM NEGOCIOS P/ EMPREEND ,LUIS FERNANDO OLIVEIRA DO VABO JR,4,30B,CCI,2,I,SEX 07-11 L422 / GAVEA  ,0,0, SIM ,UEP
INF1902, PLANEJAM NEGOCIOS P/ EMPREEND ,SERGIO RICARDO YATES DOS SANTOS,4,30A,QQC,15,I,SEG 07-09 L422 / GAVEA  QUA 07-09 L422 / GAVEA  ,0,0, SIM ,UEP
INF1902, PLANEJAM NEGOCIOS P/ EMPREEND ,LUIS FERNANDO OLIVEIRA DO VABO JR,4,30B,QQC,5,I,SEX 07-11 L422 / GAVEA  ,0,0, SIM ,UEP
INF1903, METODOL GESTAO PROJETOS ,HELENE KLEINBERGER SALIM,4,30A,QQC,0,I,TER 09-11 L548 / GAVEA  QUI 09-11 L548 / GAVEA  ,0,0, SIM ,UEP
INF1920, ESTAGIO SUPERVISIONADO ,MELISSA LEMOS CAVALIERE,1,3WA,QQC,24,I,GAVEA,0,11, SIM ,INF
INF1950, PROJETO FINAL I ,JOSE CARLOS MILLAN,2,3WA,QQC,19,I,GAVEA,0,2, SIM ,INF
INF1951, PROJETO FINAL II ,JOSE CARLOS MILLAN,2,3WA,QQC,22,I,GAVEA,0,2, SIM ,INF
INF2002, TRAB IND EM ENG DE SOFTWARE I ,ALESSANDRO FABRICIO GARCIA,1,3WF,QQC,10,D,GAVEA,0,2,NÃO,INF
INF2003, TRAB IND EM ENG DE SOFTWARE II ,CARLOS JOSE PEREIRA DE LUCENA,2,3WA,QQC,9,D,GAVEA,0,4,NÃO,INF
INF2003, TRAB IND EM ENG DE SOFTWARE II ,ARNDT VON STAA,2,3WB,QQC,10,D,GAVEA,0,4,NÃO,INF
INF2003, TRAB IND EM ENG DE SOFTWARE II ,JULIO CESAR SAMPAIO DO PRADO LEITE,2,3WC,QQC,10,D,GAVEA,0,4,NÃO,INF
INF2003, TRAB IND EM ENG DE SOFTWARE II ,HUGO FUKS,2,3WD,QQC,10,D,GAVEA,0,4,NÃO,INF
INF2003, TRAB IND EM ENG DE SOFTWARE II ,ALESSANDRO FABRICIO GARCIA,2,3WF,QQC,10,D,GAVEA,0,4,NÃO,INF
INF2004, TRAB IND ENG DE SOFTWARE III ,CARLOS JOSE PEREIRA DE LUCENA,3,3WA,QQC,10,D,GAVEA,0,6,NÃO,INF
INF2004, TRAB IND ENG DE SOFTWARE III ,ARNDT VON STAA,3,3WB,QQC,10,D,GAVEA,0,6,NÃO,INF
INF2004, TRAB IND ENG DE SOFTWARE III ,JULIO CESAR SAMPAIO DO PRADO LEITE,3,3WC,QQC,9,D,GAVEA,0,6,NÃO,INF
INF2004, TRAB IND ENG DE SOFTWARE III ,HUGO FUKS,3,3WD,QQC,9,D,GAVEA,0,6,NÃO,INF
INF2004, TRAB IND ENG DE SOFTWARE III ,ALESSANDRO FABRICIO GARCIA,3,3WF,QQC,8,D,GAVEA,0,6,NÃO,INF
INF2006, TOP ENGENHARIA DE SOFTWARE II ,CARLOS JOSE PEREIRA DE LUCENA,3,3WA,CCI,5,D,TER 16-19 RDC / GAVEA  ,0,0,NÃO,INF
INF2006, TOP ENGENHARIA DE SOFTWARE II ,CARLOS JOSE PEREIRA DE LUCENA,3,3WA,QQC,12,D,TER 16-19 RDC / GAVEA  ,0,0,NÃO,INF
INF2007, TOP ENGENHARIA DE SOFTWARE III ,ALESSANDRO FABRICIO GARCIA,3,3WA,QQC,18,D,QUA 16-19 DPTO / GAVEA  ,0,0,NÃO,INF
INF2031, TOPICOS DE BANCO DE DADOS II ,MARCO ANTONIO CASANOVA,3,3WA,QQC,0,D,TER 13-15 R511 / GAVEA  ,0,1,NÃO,INF
INF2035, TOP TEORIA DA COMPUTACAO III ,HELIO CORTES VIEIRA LOPES,3,3WA,QQC,18,D,QUI 09-12 R510 / GAVEA  ,0,0,NÃO,INF
INF2036, TRAB IND TEO COMPUTACAO I ,EDWARD HERMANN HAEUSLER,1,3WA,QQC,10,I,GAVEA,0,2,NÃO,INF
INF2036, TRAB IND TEO COMPUTACAO I ,CARLOS JOSE PEREIRA DE LUCENA,1,3WB,QQC,10,D,GAVEA,0,2,NÃO,INF
INF2036, TRAB IND TEO COMPUTACAO I ,EDUARDO SANY LABER,1,3WC,QQC,10,D,GAVEA,0,2,NÃO,INF
INF2037, TRAB IND TEO COMPUTACAO II ,EDWARD HERMANN HAEUSLER,2,3WA,QQC,10,D,GAVEA,0,4,NÃO,INF
INF2037, TRAB IND TEO COMPUTACAO II ,CARLOS JOSE PEREIRA DE LUCENA,2,3WB,QQC,10,D,GAVEA,0,4,NÃO,INF
INF2037, TRAB IND TEO COMPUTACAO II ,EDUARDO SANY LABER,2,3WC,QQC,10,D,GAVEA,0,4,NÃO,INF
INF2038, TRAB IND TEO COMPUTACAO III ,EDWARD HERMANN HAEUSLER,3,3WA,QQC,10,D,GAVEA,0,6,NÃO,INF
INF2038, TRAB IND TEO COMPUTACAO III ,CARLOS JOSE PEREIRA DE LUCENA,3,3WB,QQC,10,D,GAVEA,0,6,NÃO,INF
INF2038, TRAB IND TEO COMPUTACAO III ,EDUARDO SANY LABER,3,3WC,QQC,10,D,GAVEA,0,6,NÃO,INF
INF2061, SEMINARIO ,COORDENADOR DE CURSO,1,3WA,QQC,48,D,SEX 13-14 R511 / GAVEA  ,0,0,NÃO,INF
INF2065, TRAB IND COMP GRAFICA I ,MARCELO GATTASS,1,3WA,QQC,10,D,GAVEA,0,2,NÃO,INF
INF2065, TRAB IND COMP GRAFICA I ,BRUNO FEIJO,1,3WB,QQC,10,D,GAVEA,0,2,NÃO,INF
INF2065, TRAB IND COMP GRAFICA I ,HELIO CORTES VIEIRA LOPES,1,3WC,QQC,10,D,GAVEA,0,2,NÃO,INF
INF2065, TRAB IND COMP GRAFICA I ,ALBERTO BARBOSA RAPOSO,1,3WD,QQC,10,D,GAVEA,0,2,NÃO,INF
INF2065, TRAB IND COMP GRAFICA I ,WALDEMAR CELES FILHO,1,3WE,QQC,10,D,GAVEA,0,2,NÃO,INF
INF2066, TRAB IND COMP GRAFICA II ,MARCELO GATTASS,2,3WA,QQC,10,D,GAVEA,0,4,NÃO,INF
INF2066, TRAB IND COMP GRAFICA II ,BRUNO FEIJO,2,3WB,QQC,10,D,GAVEA,0,4,NÃO,INF
INF2066, TRAB IND COMP GRAFICA II ,HELIO CORTES VIEIRA LOPES,2,3WC,QQC,10,D,GAVEA,0,4,NÃO,INF
INF2066, TRAB IND COMP GRAFICA II ,ALBERTO BARBOSA RAPOSO,2,3WD,QQC,10,D,GAVEA,0,4,NÃO,INF
INF2066, TRAB IND COMP GRAFICA II ,WALDEMAR CELES FILHO,2,3WE,QQC,10,D,GAVEA,0,4,NÃO,INF
INF2067, TRAB IND COMP GRAFICA III ,MARCELO GATTASS,3,3WA,QQC,10,D,GAVEA,0,6,NÃO,INF
INF2067, TRAB IND COMP GRAFICA III ,BRUNO FEIJO,3,3WB,QQC,10,D,GAVEA,0,6,NÃO,INF
INF2067, TRAB IND COMP GRAFICA III ,HELIO CORTES VIEIRA LOPES,3,3WC,QQC,10,D,GAVEA,0,6,NÃO,INF
INF2067, TRAB IND COMP GRAFICA III ,ALBERTO BARBOSA RAPOSO,3,3WD,QQC,10,D,GAVEA,0,6,NÃO,INF
INF2067, TRAB IND COMP GRAFICA III ,WALDEMAR CELES FILHO,3,3WE,QQC,10,D,GAVEA,0,6,NÃO,INF
INF2079, PESQ TESE I EM BANCO DE DADOS ,ANTONIO LUZ FURTADO,3,3WA,QQC,10,D,GAVEA,0,3,NÃO,INF
INF2079, PESQ TESE I EM BANCO DE DADOS ,MARCO ANTONIO CASANOVA,3,3WB,QQC,10,D,GAVEA,0,3,NÃO,INF
INF2080, PESQ TESE II EM BANCO DE DADOS ,ANTONIO LUZ FURTADO,3,3WA,QQC,10,D,GAVEA,0,3,NÃO,INF
INF2080, PESQ TESE II EM BANCO DE DADOS ,MARCO ANTONIO CASANOVA,3,3WB,QQC,10,D,GAVEA,0,3,NÃO,INF
INF2081, PESQ TESE III BANCO DE DADOS ,ANTONIO LUZ FURTADO,3,3WA,QQC,10,D,GAVEA,0,3,NÃO,INF
INF2081, PESQ TESE III BANCO DE DADOS ,MARCO ANTONIO CASANOVA,3,3WB,QQC,10,D,GAVEA,0,3,NÃO,INF
INF2082, PESQ TESE IV EM BANCO DE DADOS ,ANTONIO LUZ FURTADO,3,3WA,QQC,10,D,GAVEA,0,3,NÃO,INF
INF2082, PESQ TESE IV EM BANCO DE DADOS ,MARCO ANTONIO CASANOVA,3,3WB,QQC,10,D,GAVEA,0,3,NÃO,INF
INF2083, TRAB INDIV BANCO DE DADOS I ,ANTONIO LUZ FURTADO,1,3WA,QQC,10,D,GAVEA,0,2,NÃO,INF
INF2083, TRAB INDIV BANCO DE DADOS I ,MARCO ANTONIO CASANOVA,1,3WB,QQC,10,D,GAVEA,0,2,NÃO,INF
INF2083, TRAB INDIV BANCO DE DADOS I ,HELIO CORTES VIEIRA LOPES,1,3WC,QQC,10,D,GAVEA,0,2,NÃO,INF
INF2084, TRAB INDIV BANCO DE DADOS II ,ANTONIO LUZ FURTADO,2,3WA,QQC,10,D,GAVEA,0,4,NÃO,INF
INF2084, TRAB INDIV BANCO DE DADOS II ,MARCO ANTONIO CASANOVA,2,3WB,QQC,10,D,GAVEA,0,4,NÃO,INF
INF2084, TRAB INDIV BANCO DE DADOS II ,HELIO CORTES VIEIRA LOPES,2,3WC,QQC,10,D,GAVEA,0,4,NÃO,INF
INF2085, TRAB INDIV BANCO DE DADOS III ,MARCO ANTONIO CASANOVA,3,3WB,CCI,1,D,GAVEA,0,6,NÃO,INF
INF2085, TRAB INDIV BANCO DE DADOS III ,ANTONIO LUZ FURTADO,3,3WA,QQC,10,D,GAVEA,0,6,NÃO,INF
INF2085, TRAB INDIV BANCO DE DADOS III ,MARCO ANTONIO CASANOVA,3,3WB,QQC,9,D,GAVEA,0,6,NÃO,INF
INF2085, TRAB INDIV BANCO DE DADOS III ,HELIO CORTES VIEIRA LOPES,3,3WC,QQC,10,D,GAVEA,0,6,NÃO,INF
INF2102, PROJETO FINAL DE PROGRAMACAO ,ARNDT VON STAA,1,3WA,QQC,0,D,GAVEA,0,1,NÃO,INF
INF2125, PROJETO SISTEMAS DE SOFTWARE ,CARLOS JOSE PEREIRA DE LUCENA,3,3WA,QQC,14,D,QUA 13-16 RDC / GAVEA  ,0,0,NÃO,INF
INF2127, LINGUAGENS FORMAIS E AUTOMATOS ,ROBERTO IERUSALIMSCHY,3,3WA,CCI,2,D,QUA 09-12 RDC / GAVEA  ,0,0,NÃO,INF
INF2127, LINGUAGENS FORMAIS E AUTOMATOS ,ROBERTO IERUSALIMSCHY,3,3WA,QQC,9,D,QUA 09-12 RDC / GAVEA  ,0,0,NÃO,INF
INF2131, ENGENHARIA DE REQUISITOS ,JULIO CESAR SAMPAIO DO PRADO LEITE,3,3WA,QQC,15,D,TER 16-19 RDC / GAVEA  ,0,0,NÃO,INF
INF2135, PROC AMBIENTES DESENV SOFTWARE ,ARNDT VON STAA,3,3WA,QQC,12,D,SEG 13-16 RDC / GAVEA  ,0,0,NÃO,INF
INF2182, TRAB IND LING PROGRAMACAO IV ,ROBERTO IERUSALIMSCHY,1,3WA,QQC,10,D,GAVEA,0,1,NÃO,INF
INF2182, TRAB IND LING PROGRAMACAO IV ,NOEMI DE LA ROCQUE RODRIGUEZ,1,3WB,QQC,10,D,GAVEA,0,1,NÃO,INF
INF2182, TRAB IND LING PROGRAMACAO IV ,EDWARD HERMANN HAEUSLER,1,3WD,QQC,10,D,GAVEA,0,1,NÃO,INF
INF2183, TRAB IND LING PROGRAMACAO V ,ROBERTO IERUSALIMSCHY,2,3WA,QQC,10,D,GAVEA,0,2,NÃO,INF
INF2183, TRAB IND LING PROGRAMACAO V ,NOEMI DE LA ROCQUE RODRIGUEZ,2,3WB,QQC,10,D,GAVEA,0,2,NÃO,INF
INF2183, TRAB IND LING PROGRAMACAO V ,EDWARD HERMANN HAEUSLER,2,3WD,QQC,10,D,GAVEA,0,2,NÃO,INF
INF2184, TRAB IND LING PROGRAMACAO VI ,ROBERTO IERUSALIMSCHY,3,3WA,QQC,10,D,GAVEA,0,3,NÃO,INF
INF2184, TRAB IND LING PROGRAMACAO VI ,NOEMI DE LA ROCQUE RODRIGUEZ,3,3WB,QQC,10,D,GAVEA,0,3,NÃO,INF
INF2184, TRAB IND LING PROGRAMACAO VI ,EDWARD HERMANN HAEUSLER,3,3WD,QQC,10,D,GAVEA,0,3,NÃO,INF
INF2190, TRAB IND ENG DE SOFTWARE IV ,CARLOS JOSE PEREIRA DE LUCENA,1,3WA,QQC,10,D,GAVEA,0,1,NÃO,INF
INF2190, TRAB IND ENG DE SOFTWARE IV ,ARNDT VON STAA,1,3WB,QQC,10,D,GAVEA,0,1,NÃO,INF
INF2190, TRAB IND ENG DE SOFTWARE IV ,HUGO FUKS,1,3WD,QQC,10,D,GAVEA,0,1,NÃO,INF
INF2190, TRAB IND ENG DE SOFTWARE IV ,ALESSANDRO FABRICIO GARCIA,1,3WF,QQC,10,D,GAVEA,0,1,NÃO,INF
INF2191, TRAB IND ENG DE SOFTWARE V ,CARLOS JOSE PEREIRA DE LUCENA,2,3WA,QQC,10,D,GAVEA,0,2,NÃO,INF
INF2191, TRAB IND ENG DE SOFTWARE V ,ARNDT VON STAA,2,3WB,QQC,10,D,GAVEA,0,2,NÃO,INF
INF2191, TRAB IND ENG DE SOFTWARE V ,HUGO FUKS,2,3WD,QQC,10,D,GAVEA,0,2,NÃO,INF
INF2191, TRAB IND ENG DE SOFTWARE V ,ALESSANDRO FABRICIO GARCIA,2,3WF,QQC,10,D,GAVEA,0,2,NÃO,INF
INF2192, TRAB IND ENG DE SOFTWARE VI ,CARLOS JOSE PEREIRA DE LUCENA,3,3WA,CCI,1,D,GAVEA,0,3,NÃO,INF
INF2192, TRAB IND ENG DE SOFTWARE VI ,ARNDT VON STAA,3,3WB,CCI,1,D,GAVEA,0,3,NÃO,INF
INF2192, TRAB IND ENG DE SOFTWARE VI ,JULIO CESAR SAMPAIO DO PRADO LEITE,3,3WC,CCI,1,D,GAVEA,0,3,NÃO,INF
INF2192, TRAB IND ENG DE SOFTWARE VI ,HUGO FUKS,3,3WD,CCI,1,D,GAVEA,0,3,NÃO,INF
INF2192, TRAB IND ENG DE SOFTWARE VI ,ALESSANDRO FABRICIO GARCIA,3,3WF,CCI,1,D,GAVEA,0,3,NÃO,INF
INF2192, TRAB IND ENG DE SOFTWARE VI ,CARLOS JOSE PEREIRA DE LUCENA,3,3WA,QQC,9,D,GAVEA,0,3,NÃO,INF
INF2192, TRAB IND ENG DE SOFTWARE VI ,ARNDT VON STAA,3,3WB,QQC,9,D,GAVEA,0,3,NÃO,INF
INF2192, TRAB IND ENG DE SOFTWARE VI ,JULIO CESAR SAMPAIO DO PRADO LEITE,3,3WC,QQC,9,D,GAVEA,0,3,NÃO,INF
INF2192, TRAB IND ENG DE SOFTWARE VI ,HUGO FUKS,3,3WD,QQC,9,D,GAVEA,0,3,NÃO,INF
INF2192, TRAB IND ENG DE SOFTWARE VI ,ALESSANDRO FABRICIO GARCIA,3,3WF,QQC,9,D,GAVEA,0,3,NÃO,INF
INF2193, PESQ TESE I EM ENG DE SOFTWARE ,CARLOS JOSE PEREIRA DE LUCENA,3,3WA,QQC,10,D,GAVEA,0,3,NÃO,INF
INF2193, PESQ TESE I EM ENG DE SOFTWARE ,ARNDT VON STAA,3,3WB,QQC,10,D,GAVEA,0,3,NÃO,INF
INF2193, PESQ TESE I EM ENG DE SOFTWARE ,JULIO CESAR SAMPAIO DO PRADO LEITE,3,3WC,QQC,10,D,GAVEA,0,3,NÃO,INF
INF2193, PESQ TESE I EM ENG DE SOFTWARE ,HUGO FUKS,3,3WD,QQC,10,D,GAVEA,0,3,NÃO,INF
INF2193, PESQ TESE I EM ENG DE SOFTWARE ,ALESSANDRO FABRICIO GARCIA,3,3WF,QQC,9,D,GAVEA,0,3,NÃO,INF
INF2194, PESQ TESE II EM ENG SOFTWARE ,CARLOS JOSE PEREIRA DE LUCENA,3,3WA,QQC,10,D,GAVEA,0,3,NÃO,INF
INF2194, PESQ TESE II EM ENG SOFTWARE ,ARNDT VON STAA,3,3WB,QQC,10,D,GAVEA,0,3,NÃO,INF
INF2194, PESQ TESE II EM ENG SOFTWARE ,JULIO CESAR SAMPAIO DO PRADO LEITE,3,3WC,QQC,10,D,GAVEA,0,3,NÃO,INF
INF2194, PESQ TESE II EM ENG SOFTWARE ,HUGO FUKS,3,3WD,QQC,10,D,GAVEA,0,3,NÃO,INF
INF2194, PESQ TESE II EM ENG SOFTWARE ,ALESSANDRO FABRICIO GARCIA,3,3WF,QQC,10,D,GAVEA,0,3,NÃO,INF
INF2195, PESQ TESE III EM ENG SOFTWARE ,CARLOS JOSE PEREIRA DE LUCENA,3,3WA,QQC,9,D,GAVEA,0,3,NÃO,INF
INF2195, PESQ TESE III EM ENG SOFTWARE ,ARNDT VON STAA,3,3WB,QQC,10,D,GAVEA,0,3,NÃO,INF
INF2195, PESQ TESE III EM ENG SOFTWARE ,JULIO CESAR SAMPAIO DO PRADO LEITE,3,3WC,QQC,10,D,GAVEA,0,3,NÃO,INF
INF2195, PESQ TESE III EM ENG SOFTWARE ,HUGO FUKS,3,3WD,QQC,10,D,GAVEA,0,3,NÃO,INF
INF2195, PESQ TESE III EM ENG SOFTWARE ,ALESSANDRO FABRICIO GARCIA,3,3WF,QQC,10,D,GAVEA,0,3,NÃO,INF
INF2196, PESQ TESE IV EM ENG SOFTWARE ,CARLOS JOSE PEREIRA DE LUCENA,3,3WA,QQC,10,D,GAVEA,0,3,NÃO,INF
INF2196, PESQ TESE IV EM ENG SOFTWARE ,ARNDT VON STAA,3,3WB,QQC,10,D,GAVEA,0,3,NÃO,INF
INF2196, PESQ TESE IV EM ENG SOFTWARE ,JULIO CESAR SAMPAIO DO PRADO LEITE,3,3WC,QQC,10,D,GAVEA,0,3,NÃO,INF
INF2196, PESQ TESE IV EM ENG SOFTWARE ,HUGO FUKS,3,3WD,QQC,10,D,GAVEA,0,3,NÃO,INF
INF2196, PESQ TESE IV EM ENG SOFTWARE ,ALESSANDRO FABRICIO GARCIA,3,3WF,QQC,10,D,GAVEA,0,3,NÃO,INF
INF2217, LOGICA E ESPECIFICACAO ,EDWARD HERMANN HAEUSLER,3,3WA,CCI,1,D,QUA 13-16 R510 / GAVEA  ,0,0,NÃO,INF
INF2217, LOGICA E ESPECIFICACAO ,EDWARD HERMANN HAEUSLER,3,3WA,QQC,13,D,QUA 13-16 R510 / GAVEA  ,0,0,NÃO,INF
INF2290, TOP TEORIA DA COMPUTACAO IV ,EDWARD HERMANN HAEUSLER,3,3WA,QQC,19,D,SEG 13-16 RDC / GAVEA  ,0,0,NÃO,INF
INF2291, TOP TEORIA DA COMPUTACAO V ,EDUARDO SANY LABER,3,3WA,QQC,6,D,SEG 13-16 R510 / GAVEA  ,0,0,NÃO,INF
INF2292, TRAB IND TEO COMPUTACAO IV ,EDWARD HERMANN HAEUSLER,1,3WA,QQC,10,D,GAVEA,0,1,NÃO,INF
INF2292, TRAB IND TEO COMPUTACAO IV ,CARLOS JOSE PEREIRA DE LUCENA,1,3WB,QQC,10,D,GAVEA,0,1,NÃO,INF
INF2292, TRAB IND TEO COMPUTACAO IV ,EDUARDO SANY LABER,1,3WC,QQC,10,D,GAVEA,0,1,NÃO,INF
INF2293, TRAB IND TEO COMPUTACAO V ,EDWARD HERMANN HAEUSLER,2,3WA,QQC,10,D,GAVEA,0,2,NÃO,INF
INF2293, TRAB IND TEO COMPUTACAO V ,CARLOS JOSE PEREIRA DE LUCENA,2,3WB,QQC,10,D,GAVEA,0,2,NÃO,INF
INF2293, TRAB IND TEO COMPUTACAO V ,EDUARDO SANY LABER,2,3WC,QQC,10,D,GAVEA,0,2,NÃO,INF
INF2294, TRAB IND TEO COMPUTACAO VI ,EDWARD HERMANN HAEUSLER,3,3WA,QQC,10,D,GAVEA,0,3,NÃO,INF
INF2294, TRAB IND TEO COMPUTACAO VI ,CARLOS JOSE PEREIRA DE LUCENA,3,3WB,QQC,10,D,GAVEA,0,3,NÃO,INF
INF2294, TRAB IND TEO COMPUTACAO VI ,EDUARDO SANY LABER,3,3WC,QQC,10,D,GAVEA,0,3,NÃO,INF
INF2295, PESQ TESE I TEOR DA COMPUTACAO ,EDWARD HERMANN HAEUSLER,3,3WA,QQC,10,D,GAVEA,0,3,NÃO,INF
INF2295, PESQ TESE I TEOR DA COMPUTACAO ,CARLOS JOSE PEREIRA DE LUCENA,3,3WB,QQC,10,D,GAVEA,0,3,NÃO,INF
INF2295, PESQ TESE I TEOR DA COMPUTACAO ,EDUARDO SANY LABER,3,3WC,QQC,10,D,GAVEA,0,3,NÃO,INF
INF2296, PES TESE II TEOR DA COMPUTACAO ,EDWARD HERMANN HAEUSLER,3,3WA,QQC,10,D,GAVEA,0,3,NÃO,INF
INF2296, PES TESE II TEOR DA COMPUTACAO ,CARLOS JOSE PEREIRA DE LUCENA,3,3WB,QQC,10,D,GAVEA,0,3,NÃO,INF
INF2296, PES TESE II TEOR DA COMPUTACAO ,EDUARDO SANY LABER,3,3WC,QQC,10,D,GAVEA,0,3,NÃO,INF
INF2297, PESQ TESE III TEOR COMPUTACAO ,EDWARD HERMANN HAEUSLER,3,3WA,QQC,10,D,GAVEA,0,3,NÃO,INF
INF2297, PESQ TESE III TEOR COMPUTACAO ,CARLOS JOSE PEREIRA DE LUCENA,3,3WB,QQC,10,D,GAVEA,0,3,NÃO,INF
INF2297, PESQ TESE III TEOR COMPUTACAO ,EDUARDO SANY LABER,3,3WC,QQC,10,D,GAVEA,0,3,NÃO,INF
INF2298, PES TESE IV TEOR DA COMPUTACAO ,EDWARD HERMANN HAEUSLER,3,3WA,QQC,10,D,GAVEA,0,3,NÃO,INF
INF2298, PES TESE IV TEOR DA COMPUTACAO ,CARLOS JOSE PEREIRA DE LUCENA,3,3WB,QQC,10,D,GAVEA,0,3,NÃO,INF
INF2298, PES TESE IV TEOR DA COMPUTACAO ,EDUARDO SANY LABER,3,3WC,QQC,10,D,GAVEA,0,3,NÃO,INF
INF2324, BANCOS DE DADOS DISTRIBUIDOS ,SERGIO LIFSCHITZ,3,3WA,QQC,8,D,SEG 17-19 RDC / GAVEA  ,0,1,NÃO,INF
INF2390, TOPICOS DE BANCO DE DADOS IV ,ANTONIO LUZ FURTADO,3,3WA,QQC,13,D,QUI 13-15 R510 / GAVEA  ,0,1,NÃO,INF
INF2392, TRAB INDIV BANCO DE DADOS IV ,ANTONIO LUZ FURTADO,1,3WA,QQC,10,D,GAVEA,0,1,NÃO,INF
INF2392, TRAB INDIV BANCO DE DADOS IV ,MARCO ANTONIO CASANOVA,1,3WB,QQC,10,D,GAVEA,0,1,NÃO,INF
INF2393, TRAB INDIV BANCO DE DADOS V ,ANTONIO LUZ FURTADO,2,3WA,QQC,10,D,GAVEA,0,2,NÃO,INF
INF2393, TRAB INDIV BANCO DE DADOS V ,MARCO ANTONIO CASANOVA,2,3WB,QQC,10,D,GAVEA,0,2,NÃO,INF
INF2394, TRAB INDIV BANCO DE DADOS VI ,ANTONIO LUZ FURTADO,3,3WA,QQC,10,D,GAVEA,0,3,NÃO,INF
INF2394, TRAB INDIV BANCO DE DADOS VI ,MARCO ANTONIO CASANOVA,3,3WB,QQC,10,D,GAVEA,0,3,NÃO,INF
INF2542, ALGORITMOS DISTRIBUIDOS ,MARKUS ENDLER,3,3WA,QQC,12,D,SEG 10-13 R510 / GAVEA  ,0,0,NÃO,INF
INF2545, SISTEMAS DISTRIBUIDOS ,NOEMI DE LA ROCQUE RODRIGUEZ,3,3WA,CCI,3,D,TER 09-11 R510 / GAVEA  QUI 10-11 R511 / GAVEA  ,0,0,NÃO,INF
INF2545, SISTEMAS DISTRIBUIDOS ,NOEMI DE LA ROCQUE RODRIGUEZ,3,3WA,QQC,14,D,TER 09-11 R510 / GAVEA  QUI 10-11 R511 / GAVEA  ,0,0,NÃO,INF
INF2586, PESQ TESE I REDES COMPUTADORES ,LUIZ FERNANDO GOMES SOARES,3,3WA,QQC,10,D,GAVEA,0,3,NÃO,INF
INF2586, PESQ TESE I REDES COMPUTADORES ,NOEMI DE LA ROCQUE RODRIGUEZ,3,3WB,QQC,10,D,GAVEA,0,3,NÃO,INF
INF2586, PESQ TESE I REDES COMPUTADORES ,MARKUS ENDLER,3,3WC,QQC,10,D,GAVEA,0,3,NÃO,INF
INF2587, PES TESE II REDES COMPUTADORES ,LUIZ FERNANDO GOMES SOARES,3,3WA,QQC,10,D,GAVEA,0,3,NÃO,INF
INF2587, PES TESE II REDES COMPUTADORES ,NOEMI DE LA ROCQUE RODRIGUEZ,3,3WB,QQC,10,D,GAVEA,0,3,NÃO,INF
INF2587, PES TESE II REDES COMPUTADORES ,MARKUS ENDLER,3,3WC,QQC,10,D,GAVEA,0,3,NÃO,INF
INF2588, PESQ TESE III RED COMPUTADORES ,LUIZ FERNANDO GOMES SOARES,3,3WA,QQC,10,D,GAVEA,0,3,NÃO,INF
INF2588, PESQ TESE III RED COMPUTADORES ,NOEMI DE LA ROCQUE RODRIGUEZ,3,3WB,QQC,10,D,GAVEA,0,3,NÃO,INF
INF2588, PESQ TESE III RED COMPUTADORES ,MARKUS ENDLER,3,3WC,QQC,10,D,GAVEA,0,3,NÃO,INF
INF2589, PES TESE IV REDES COMPUTADORES ,LUIZ FERNANDO GOMES SOARES,3,3WA,QQC,10,D,GAVEA,0,3,NÃO,INF
INF2589, PES TESE IV REDES COMPUTADORES ,NOEMI DE LA ROCQUE RODRIGUEZ,3,3WB,QQC,10,D,GAVEA,0,3,NÃO,INF
INF2589, PES TESE IV REDES COMPUTADORES ,MARKUS ENDLER,3,3WC,QQC,10,D,GAVEA,0,3,NÃO,INF
INF2594, TOP RED COMP/SIST DISTRIB V ,LUIZ FERNANDO GOMES SOARES,3,3WA,QQC,13,D,QUA 09-12 L246 / GAVEA  ,0,0,NÃO,INF
INF2595, TRAB IND R COMP/SIST DISTR I ,LUIZ FERNANDO GOMES SOARES,1,3WA,QQC,10,D,GAVEA,0,1,NÃO,INF
INF2595, TRAB IND R COMP/SIST DISTR I ,NOEMI DE LA ROCQUE RODRIGUEZ,1,3WB,QQC,10,D,GAVEA,0,1,NÃO,INF
INF2595, TRAB IND R COMP/SIST DISTR I ,MARKUS ENDLER,1,3WC,QQC,9,D,GAVEA,0,1,NÃO,INF
INF2596, TRAB IND R COMP/SIST DISTR II ,LUIZ FERNANDO GOMES SOARES,2,3WA,QQC,10,D,GAVEA,0,2,NÃO,INF
INF2596, TRAB IND R COMP/SIST DISTR II ,NOEMI DE LA ROCQUE RODRIGUEZ,2,3WB,QQC,10,D,GAVEA,0,2,NÃO,INF
INF2596, TRAB IND R COMP/SIST DISTR II ,MARKUS ENDLER,2,3WC,QQC,9,D,GAVEA,0,2,NÃO,INF
INF2597, TRAB IND R COMP/SIST DISTR III ,LUIZ FERNANDO GOMES SOARES,3,3WA,QQC,10,D,GAVEA,0,3,NÃO,INF
INF2597, TRAB IND R COMP/SIST DISTR III ,NOEMI DE LA ROCQUE RODRIGUEZ,3,3WB,QQC,10,D,GAVEA,0,3,NÃO,INF
INF2597, TRAB IND R COMP/SIST DISTR III ,MARKUS ENDLER,3,3WC,QQC,9,D,GAVEA,0,3,NÃO,INF
INF2598, TRAB IND R COMP/SIST DISTR IV ,LUIZ FERNANDO GOMES SOARES,1,3WA,QQC,10,D,GAVEA,0,1,NÃO,INF
INF2598, TRAB IND R COMP/SIST DISTR IV ,NOEMI DE LA ROCQUE RODRIGUEZ,1,3WB,QQC,10,D,GAVEA,0,1,NÃO,INF
INF2598, TRAB IND R COMP/SIST DISTR IV ,MARKUS ENDLER,1,3WC,QQC,10,D,GAVEA,0,1,NÃO,INF
INF2599, TRAB IND R COMP/SIST DISTR V ,LUIZ FERNANDO GOMES SOARES,2,3WA,QQC,10,D,GAVEA,0,2,NÃO,INF
INF2599, TRAB IND R COMP/SIST DISTR V ,NOEMI DE LA ROCQUE RODRIGUEZ,2,3WB,QQC,10,D,GAVEA,0,2,NÃO,INF
INF2599, TRAB IND R COMP/SIST DISTR V ,MARKUS ENDLER,2,3WC,QQC,4,D,GAVEA,0,2,NÃO,INF
INF2608, FUND DA COMPUTACAO GRAFICA ,MARCELO GATTASS,3,3WA,CCI,3,D,QUA 14-16 R511 / GAVEA  ,0,1,NÃO,INF
INF2608, FUND DA COMPUTACAO GRAFICA ,MARCELO GATTASS,3,3WA,QQC,15,D,QUA 14-16 R511 / GAVEA  ,0,1,NÃO,INF
INF2609, GAME AI: IA EM JOGOS 3D ,BRUNO FEIJO,3,3WA,CCI,2,D,SEG 11-13 L548 / GAVEA  QUA 11-12 R510 / GAVEA  ,0,0,NÃO,INF
INF2609, GAME AI: IA EM JOGOS 3D ,BRUNO FEIJO,3,3WA,QQC,15,D,SEG 11-13 L548 / GAVEA  QUA 11-12 R510 / GAVEA  ,0,0,NÃO,INF
INF2610, RENDERING EM TEMPO REAL ,WALDEMAR CELES FILHO,3,3WA,CCI,5,D,TER 10-13 R511 / GAVEA  ,0,0,NÃO,INF
INF2610, RENDERING EM TEMPO REAL ,WALDEMAR CELES FILHO,3,3WA,QQC,12,D,TER 10-13 R511 / GAVEA  ,0,0,NÃO,INF
INF2686, PESQ TESE I EM COMP GRAFICA ,MARCELO GATTASS,3,3WA,QQC,9,D,GAVEA,0,3,NÃO,INF
INF2686, PESQ TESE I EM COMP GRAFICA ,BRUNO FEIJO,3,3WB,QQC,10,D,GAVEA,0,3,NÃO,INF
INF2686, PESQ TESE I EM COMP GRAFICA ,ALBERTO BARBOSA RAPOSO,3,3WD,QQC,10,D,GAVEA,0,3,NÃO,INF
INF2686, PESQ TESE I EM COMP GRAFICA ,WALDEMAR CELES FILHO,3,3WE,QQC,9,D,GAVEA,0,3,NÃO,INF
INF2687, PESQ TESE II EM COMP GRAFICA ,MARCELO GATTASS,3,3WA,QQC,9,D,GAVEA,0,3,NÃO,INF
INF2687, PESQ TESE II EM COMP GRAFICA ,BRUNO FEIJO,3,3WB,QQC,10,D,GAVEA,0,3,NÃO,INF
INF2687, PESQ TESE II EM COMP GRAFICA ,ALBERTO BARBOSA RAPOSO,3,3WD,QQC,10,D,GAVEA,0,3,NÃO,INF
INF2687, PESQ TESE II EM COMP GRAFICA ,WALDEMAR CELES FILHO,3,3WE,QQC,10,D,GAVEA,0,3,NÃO,INF
INF2688, PESQ TESE III EM COMP GRAFICA ,MARCELO GATTASS,3,3WA,QQC,10,D,GAVEA,0,3,NÃO,INF
INF2688, PESQ TESE III EM COMP GRAFICA ,BRUNO FEIJO,3,3WB,QQC,10,D,GAVEA,0,3,NÃO,INF
INF2688, PESQ TESE III EM COMP GRAFICA ,ALBERTO BARBOSA RAPOSO,3,3WD,QQC,10,D,GAVEA,0,3,NÃO,INF
INF2688, PESQ TESE III EM COMP GRAFICA ,WALDEMAR CELES FILHO,3,3WE,QQC,10,D,GAVEA,0,3,NÃO,INF
INF2689, PESQ TESE IV EM COMP GRAFICA ,MARCELO GATTASS,3,3WA,QQC,10,D,GAVEA,0,3,NÃO,INF
INF2689, PESQ TESE IV EM COMP GRAFICA ,BRUNO FEIJO,3,3WB,QQC,10,D,GAVEA,0,3,NÃO,INF
INF2689, PESQ TESE IV EM COMP GRAFICA ,ALBERTO BARBOSA RAPOSO,3,3WD,QQC,10,D,GAVEA,0,3,NÃO,INF
INF2689, PESQ TESE IV EM COMP GRAFICA ,WALDEMAR CELES FILHO,3,3WE,QQC,10,D,GAVEA,0,3,NÃO,INF
INF2690, TOP DE COMPUTACAO GRAFICA IV ,ALBERTO BARBOSA RAPOSO,3,3WA,QQC,15,D,SEG 17-19 RDC / GAVEA  ,0,1,NÃO,INF
INF2692, TRAB IND EM COMP GRAFICA IV ,MARCELO GATTASS,1,3WA,QQC,10,D,GAVEA,0,1,NÃO,INF
INF2692, TRAB IND EM COMP GRAFICA IV ,BRUNO FEIJO,1,3WB,QQC,10,D,GAVEA,0,1,NÃO,INF
INF2692, TRAB IND EM COMP GRAFICA IV ,HELIO CORTES VIEIRA LOPES,1,3WC,QQC,10,D,GAVEA,0,1,NÃO,INF
INF2692, TRAB IND EM COMP GRAFICA IV ,ALBERTO BARBOSA RAPOSO,1,3WD,QQC,10,D,GAVEA,0,1,NÃO,INF
INF2692, TRAB IND EM COMP GRAFICA IV ,WALDEMAR CELES FILHO,1,3WE,QQC,10,D,GAVEA,0,1,NÃO,INF
INF2693, TRAB IND EM COMP GRAFICA V ,MARCELO GATTASS,2,3WA,QQC,10,D,GAVEA,0,2,NÃO,INF
INF2693, TRAB IND EM COMP GRAFICA V ,BRUNO FEIJO,2,3WB,QQC,10,D,GAVEA,0,2,NÃO,INF
INF2693, TRAB IND EM COMP GRAFICA V ,HELIO CORTES VIEIRA LOPES,2,3WC,QQC,10,D,GAVEA,0,2,NÃO,INF
INF2693, TRAB IND EM COMP GRAFICA V ,ALBERTO BARBOSA RAPOSO,2,3WD,QQC,10,D,GAVEA,0,2,NÃO,INF
INF2693, TRAB IND EM COMP GRAFICA V ,WALDEMAR CELES FILHO,2,3WE,QQC,10,D,GAVEA,0,2,NÃO,INF
INF2694, TRAB IND EM COMP GRAFICA VI ,MARCELO GATTASS,3,3WA,QQC,10,D,GAVEA,0,3,NÃO,INF
INF2694, TRAB IND EM COMP GRAFICA VI ,BRUNO FEIJO,3,3WB,QQC,10,D,GAVEA,0,3,NÃO,INF
INF2694, TRAB IND EM COMP GRAFICA VI ,HELIO CORTES VIEIRA LOPES,3,3WC,QQC,10,D,GAVEA,0,3,NÃO,INF
INF2694, TRAB IND EM COMP GRAFICA VI ,ALBERTO BARBOSA RAPOSO,3,3WD,QQC,10,D,GAVEA,0,3,NÃO,INF
INF2706, INTR A INTER HUMANO-COMPUTADOR ,CLARISSE SIECKENIUS DE SOUZA,3,3WA,CCI,5,D,TER 13-16 R510 / GAVEA  ,0,0,NÃO,INF
INF2706, INTR A INTER HUMANO-COMPUTADOR ,CLARISSE SIECKENIUS DE SOUZA,3,3WA,QQC,11,D,TER 13-16 R510 / GAVEA  ,0,0,NÃO,INF
INF2786, PESQ TESE I INT HUM-COMPUTADOR ,CLARISSE SIECKENIUS DE SOUZA,3,3WA,QQC,8,D,GAVEA,0,3,NÃO,INF
INF2786, PESQ TESE I INT HUM-COMPUTADOR ,SIMONE DINIZ JUNQUEIRA BARBOSA,3,3WB,QQC,10,D,GAVEA,0,3,NÃO,INF
INF2786, PESQ TESE I INT HUM-COMPUTADOR ,HUGO FUKS,3,3WC,QQC,10,D,GAVEA,0,3,NÃO,INF
INF2786, PESQ TESE I INT HUM-COMPUTADOR ,ALBERTO BARBOSA RAPOSO,3,3WD,QQC,10,D,GAVEA,0,3,NÃO,INF
INF2787, PES TESE II INT HUM-COMPUTADOR ,CLARISSE SIECKENIUS DE SOUZA,3,3WA,QQC,10,D,GAVEA,0,3,NÃO,INF
INF2787, PES TESE II INT HUM-COMPUTADOR ,SIMONE DINIZ JUNQUEIRA BARBOSA,3,3WB,QQC,9,D,GAVEA,0,3,NÃO,INF
INF2787, PES TESE II INT HUM-COMPUTADOR ,HUGO FUKS,3,3WC,QQC,10,D,GAVEA,0,3,NÃO,INF
INF2787, PES TESE II INT HUM-COMPUTADOR ,ALBERTO BARBOSA RAPOSO,3,3WD,QQC,10,D,GAVEA,0,3,NÃO,INF
INF2788, PES TES III INT HUM-COMPUTADOR ,CLARISSE SIECKENIUS DE SOUZA,3,3WA,QQC,10,D,GAVEA,0,3,NÃO,INF
INF2788, PES TES III INT HUM-COMPUTADOR ,SIMONE DINIZ JUNQUEIRA BARBOSA,3,3WB,QQC,10,D,GAVEA,0,3,NÃO,INF
INF2788, PES TES III INT HUM-COMPUTADOR ,HUGO FUKS,3,3WC,QQC,10,D,GAVEA,0,3,NÃO,INF
INF2788, PES TES III INT HUM-COMPUTADOR ,ALBERTO BARBOSA RAPOSO,3,3WD,QQC,10,D,GAVEA,0,3,NÃO,INF
INF2789, PES TESE IV INT HUM-COMPUTADOR ,CLARISSE SIECKENIUS DE SOUZA,3,3WA,QQC,10,D,GAVEA,0,3,NÃO,INF
INF2789, PES TESE IV INT HUM-COMPUTADOR ,SIMONE DINIZ JUNQUEIRA BARBOSA,3,3WB,QQC,10,D,GAVEA,0,3,NÃO,INF
INF2789, PES TESE IV INT HUM-COMPUTADOR ,HUGO FUKS,3,3WC,QQC,10,D,GAVEA,0,3,NÃO,INF
INF2789, PES TESE IV INT HUM-COMPUTADOR ,ALBERTO BARBOSA RAPOSO,3,3WD,QQC,10,D,GAVEA,0,3,NÃO,INF
INF2793, TOP INTER HUM-COMPUTADOR IV ,SIMONE DINIZ JUNQUEIRA BARBOSA,3,3WA,QQC,4,D,QUA 10-13 RDC / GAVEA  ,0,0,NÃO,INF
INF2795, TRAB IND INTER HUM-COMPUT I ,CLARISSE SIECKENIUS DE SOUZA,1,3WA,QQC,10,D,GAVEA,0,1,NÃO,INF
INF2795, TRAB IND INTER HUM-COMPUT I ,SIMONE DINIZ JUNQUEIRA BARBOSA,1,3WB,QQC,10,D,GAVEA,0,1,NÃO,INF
INF2795, TRAB IND INTER HUM-COMPUT I ,HUGO FUKS,1,3WC,QQC,10,D,GAVEA,0,1,NÃO,INF
INF2795, TRAB IND INTER HUM-COMPUT I ,ALBERTO BARBOSA RAPOSO,1,3WD,QQC,10,D,GAVEA,0,1,NÃO,INF
INF2796, TRAB IND INTER HUM-COMPUT II ,CLARISSE SIECKENIUS DE SOUZA,2,3WA,QQC,10,D,GAVEA,0,2,NÃO,INF
INF2796, TRAB IND INTER HUM-COMPUT II ,SIMONE DINIZ JUNQUEIRA BARBOSA,2,3WB,QQC,10,D,GAVEA,0,2,NÃO,INF
INF2796, TRAB IND INTER HUM-COMPUT II ,HUGO FUKS,2,3WC,QQC,10,D,GAVEA,0,2,NÃO,INF
INF2796, TRAB IND INTER HUM-COMPUT II ,ALBERTO BARBOSA RAPOSO,2,3WD,QQC,10,D,GAVEA,0,2,NÃO,INF
INF2797, TRAB IND INTER HUM-COMPUT III ,CLARISSE SIECKENIUS DE SOUZA,2,3WA,QQC,10,D,GAVEA,0,2,NÃO,INF
INF2797, TRAB IND INTER HUM-COMPUT III ,SIMONE DINIZ JUNQUEIRA BARBOSA,2,3WB,QQC,10,D,GAVEA,0,2,NÃO,INF
INF2797, TRAB IND INTER HUM-COMPUT III ,HUGO FUKS,2,3WC,QQC,10,D,GAVEA,0,2,NÃO,INF
INF2797, TRAB IND INTER HUM-COMPUT III ,ALBERTO BARBOSA RAPOSO,2,3WD,QQC,10,D,GAVEA,0,2,NÃO,INF
INF2798, TRAB IND INTER HUM-COMPUT IV ,CLARISSE SIECKENIUS DE SOUZA,3,3WA,QQC,9,D,GAVEA,0,3,NÃO,INF
INF2798, TRAB IND INTER HUM-COMPUT IV ,SIMONE DINIZ JUNQUEIRA BARBOSA,3,3WB,QQC,9,D,GAVEA,0,3,NÃO,INF
INF2798, TRAB IND INTER HUM-COMPUT IV ,HUGO FUKS,3,3WC,QQC,10,D,GAVEA,0,3,NÃO,INF
INF2798, TRAB IND INTER HUM-COMPUT IV ,ALBERTO BARBOSA RAPOSO,3,3WD,QQC,10,D,GAVEA,0,3,NÃO,INF
INF2799, TRAB IND INTER HUM-COMPUT V ,CLARISSE SIECKENIUS DE SOUZA,3,3WA,QQC,9,D,GAVEA,0,3,NÃO,INF
INF2799, TRAB IND INTER HUM-COMPUT V ,SIMONE DINIZ JUNQUEIRA BARBOSA,3,3WB,QQC,10,D,GAVEA,0,3,NÃO,INF
INF2799, TRAB IND INTER HUM-COMPUT V ,HUGO FUKS,3,3WC,QQC,10,D,GAVEA,0,3,NÃO,INF
INF2799, TRAB IND INTER HUM-COMPUT V ,ALBERTO BARBOSA RAPOSO,3,3WD,QQC,10,D,GAVEA,0,3,NÃO,INF
INF2802, AUTORIA APLICACOES HIPERMIDIA ,DANIEL SCHWABE,3,3WA,CCI,5,D,QUA 17-20 R510 / GAVEA  ,0,0,NÃO,INF
INF2802, AUTORIA APLICACOES HIPERMIDIA ,DANIEL SCHWABE,3,3WA,QQC,7,D,QUA 17-20 R510 / GAVEA  ,0,0,NÃO,INF
INF2806, PESQ TESE I LING PROGRAMACAO ,ROBERTO IERUSALIMSCHY,3,3WA,QQC,10,D,GAVEA,0,3,NÃO,INF
INF2806, PESQ TESE I LING PROGRAMACAO ,NOEMI DE LA ROCQUE RODRIGUEZ,3,3WB,QQC,10,D,GAVEA,0,3,NÃO,INF
INF2806, PESQ TESE I LING PROGRAMACAO ,EDWARD HERMANN HAEUSLER,3,3WD,QQC,10,D,GAVEA,0,3,NÃO,INF
INF2807, PESQ TESE II LING PROGRAMACAO ,ROBERTO IERUSALIMSCHY,3,3WA,QQC,9,D,GAVEA,0,3,NÃO,INF
INF2807, PESQ TESE II LING PROGRAMACAO ,NOEMI DE LA ROCQUE RODRIGUEZ,3,3WB,QQC,10,D,GAVEA,0,3,NÃO,INF
INF2807, PESQ TESE II LING PROGRAMACAO ,EDWARD HERMANN HAEUSLER,3,3WD,QQC,10,D,GAVEA,0,3,NÃO,INF
INF2808, PESQ TESE III LING PROGRAMACAO ,ROBERTO IERUSALIMSCHY,3,3WA,QQC,10,D,GAVEA,0,3,NÃO,INF
INF2808, PESQ TESE III LING PROGRAMACAO ,NOEMI DE LA ROCQUE RODRIGUEZ,3,3WB,QQC,10,D,GAVEA,0,3,NÃO,INF
INF2808, PESQ TESE III LING PROGRAMACAO ,EDWARD HERMANN HAEUSLER,3,3WD,QQC,10,D,GAVEA,0,3,NÃO,INF
INF2809, PESQ TESE IV LING PROGRAMACAO ,ROBERTO IERUSALIMSCHY,3,3WA,QQC,10,D,GAVEA,0,3,NÃO,INF
INF2809, PESQ TESE IV LING PROGRAMACAO ,NOEMI DE LA ROCQUE RODRIGUEZ,3,3WB,QQC,10,D,GAVEA,0,3,NÃO,INF
INF2809, PESQ TESE IV LING PROGRAMACAO ,EDWARD HERMANN HAEUSLER,3,3WD,QQC,10,D,GAVEA,0,3,NÃO,INF
INF2813, TRAB IND LING PROGRAMACAO I ,ROBERTO IERUSALIMSCHY,1,3WA,QQC,10,D,GAVEA,0,1,NÃO,INF
INF2813, TRAB IND LING PROGRAMACAO I ,NOEMI DE LA ROCQUE RODRIGUEZ,1,3WB,QQC,9,D,GAVEA,0,1,NÃO,INF
INF2813, TRAB IND LING PROGRAMACAO I ,EDWARD HERMANN HAEUSLER,1,3WD,QQC,10,D,GAVEA,0,1,NÃO,INF
INF2814, TRAB IND LING PROGRAMACAO II ,ROBERTO IERUSALIMSCHY,2,3WA,QQC,10,D,GAVEA,0,2,NÃO,INF
INF2814, TRAB IND LING PROGRAMACAO II ,NOEMI DE LA ROCQUE RODRIGUEZ,2,3WB,QQC,9,D,GAVEA,0,2,NÃO,INF
INF2814, TRAB IND LING PROGRAMACAO II ,EDWARD HERMANN HAEUSLER,2,3WD,QQC,10,D,GAVEA,0,2,NÃO,INF
INF2815, TRAB IND LING PROGRAMACAO III ,ROBERTO IERUSALIMSCHY,3,3WA,QQC,10,D,GAVEA,0,3,NÃO,INF
INF2815, TRAB IND LING PROGRAMACAO III ,NOEMI DE LA ROCQUE RODRIGUEZ,3,3WB,QQC,10,D,GAVEA,0,3,NÃO,INF
INF2815, TRAB IND LING PROGRAMACAO III ,EDWARD HERMANN HAEUSLER,3,3WD,QQC,10,D,GAVEA,0,3,NÃO,INF
INF2886, PESQ TESE I HIPERT/MULTIMIDIA ,DANIEL SCHWABE,3,3WA,QQC,10,D,GAVEA,0,3,NÃO,INF
INF2886, PESQ TESE I HIPERT/MULTIMIDIA ,LUIZ FERNANDO GOMES SOARES,3,3WB,QQC,10,D,GAVEA,0,3,NÃO,INF
INF2887, PESQ TESE II HIPERT/MULTIMIDIA ,DANIEL SCHWABE,3,3WA,QQC,10,D,GAVEA,0,3,NÃO,INF
INF2887, PESQ TESE II HIPERT/MULTIMIDIA ,LUIZ FERNANDO GOMES SOARES,3,3WB,QQC,10,D,GAVEA,0,3,NÃO,INF
INF2888, PES TESE III HIPERT/MULTIMIDIA ,DANIEL SCHWABE,3,3WA,QQC,10,D,GAVEA,0,3,NÃO,INF
INF2888, PES TESE III HIPERT/MULTIMIDIA ,LUIZ FERNANDO GOMES SOARES,3,3WB,QQC,10,D,GAVEA,0,3,NÃO,INF
INF2889, PESQ TESE IV HIPERT/MULTIMIDIA ,DANIEL SCHWABE,3,3WA,QQC,10,D,GAVEA,0,3,NÃO,INF
INF2889, PESQ TESE IV HIPERT/MULTIMIDIA ,LUIZ FERNANDO GOMES SOARES,3,3WB,QQC,10,D,GAVEA,0,3,NÃO,INF
INF2891, TOP HIPERTEXTO/MULTIMIDIA II ,DANIEL SCHWABE,3,3WA,CCI,1,D,TER 16-19 R510 / GAVEA  ,0,0,NÃO,INF
INF2891, TOP HIPERTEXTO/MULTIMIDIA II ,DANIEL SCHWABE,3,3WA,QQC,13,D,TER 16-19 R510 / GAVEA  ,0,0,NÃO,INF
INF2895, TR IND HIPERTEXTO/MULTIMID I ,DANIEL SCHWABE,1,3WA,QQC,10,D,GAVEA,0,1,NÃO,INF
INF2895, TR IND HIPERTEXTO/MULTIMID I ,LUIZ FERNANDO GOMES SOARES,1,3WB,QQC,10,D,GAVEA,0,1,NÃO,INF
INF2896, TR IND HIPERTEXTO/MULTIMID II ,DANIEL SCHWABE,2,3WA,QQC,10,D,GAVEA,0,2,NÃO,INF
INF2896, TR IND HIPERTEXTO/MULTIMID II ,LUIZ FERNANDO GOMES SOARES,2,3WB,QQC,10,D,GAVEA,0,2,NÃO,INF
INF2897, TR IND HIPERTEXTO/MULTIMID III ,DANIEL SCHWABE,2,3WA,QQC,10,D,GAVEA,0,2,NÃO,INF
INF2897, TR IND HIPERTEXTO/MULTIMID III ,LUIZ FERNANDO GOMES SOARES,2,3WB,QQC,10,D,GAVEA,0,2,NÃO,INF
INF2898, TR IND HIPERTEXTO/MULTIMID IV ,DANIEL SCHWABE,3,3WA,QQC,10,D,GAVEA,0,3,NÃO,INF
INF2898, TR IND HIPERTEXTO/MULTIMID IV ,LUIZ FERNANDO GOMES SOARES,3,3WB,QQC,20,D,GAVEA,0,3,NÃO,INF
INF2899, TR IND HIPERTEXTO/MULTIMID V ,DANIEL SCHWABE,3,3WA,QQC,10,D,GAVEA,0,3,NÃO,INF
INF2899, TR IND HIPERTEXTO/MULTIMID V ,LUIZ FERNANDO GOMES SOARES,3,3WB,QQC,10,D,GAVEA,0,3,NÃO,INF
INF2922, TOP ENGENHARIA DE SOFTWARE VI ,ARNDT VON STAA,3,3WA,QQC,18,D,TER 13-16 RDC / GAVEA  ,0,0,NÃO,INF
INF2926, PROJETO/ANALISE DE ALGORITMOS ,RUY LUIZ MILIDIU,4,3WA,CCI,2,D,SEG 13-16 R511 / GAVEA  ,0,1,NÃO,INF
INF2926, PROJETO/ANALISE DE ALGORITMOS ,RUY LUIZ MILIDIU,4,3WA,QQC,21,D,SEG 13-16 R511 / GAVEA  ,0,1,NÃO,INF
INF2926, PROJETO/ANALISE DE ALGORITMOS ,RUY LUIZ MILIDIU,4,3WB,QQC,24,D,QUI 13-16 R511 / GAVEA  ,0,1,NÃO,INF
INF2978, TOP OTIM E RAC AUTOMATICO I ,MARCUS VINICIUS S P DE ARAGAO,3,3WA,QQC,5,D,QUA 13-16 RDC / GAVEA  ,0,0,NÃO,INF
INF2981, TOP OTIM E RAC AUTOMATICO IV ,RUY LUIZ MILIDIU,3,3WA,QQC,1,D,TER 10-13 RDC / GAVEA  ,0,0,NÃO,INF
INF2983, TRA IND OTI/RAC AUTOMATICO I ,EDUARDO SANY LABER,1,3WC,QQC,10,D,GAVEA,0,2,NÃO,INF
INF2984, TRA IND OTI/RAC AUTOMATICO II ,RUY LUIZ MILIDIU,2,3WA,QQC,10,D,GAVEA,0,4,NÃO,INF
INF2984, TRA IND OTI/RAC AUTOMATICO II ,MARCUS VINICIUS S P DE ARAGAO,2,3WB,QQC,10,D,GAVEA,0,4,NÃO,INF
INF2984, TRA IND OTI/RAC AUTOMATICO II ,EDUARDO SANY LABER,2,3WC,QQC,10,D,GAVEA,0,4,NÃO,INF
INF2985, TRA IND OTI/RAC AUTOMATICO III ,RUY LUIZ MILIDIU,3,3WA,QQC,10,D,GAVEA,0,6,NÃO,INF
INF2985, TRA IND OTI/RAC AUTOMATICO III ,MARCUS VINICIUS S P DE ARAGAO,3,3WB,QQC,7,D,GAVEA,0,6,NÃO,INF
INF2985, TRA IND OTI/RAC AUTOMATICO III ,EDUARDO SANY LABER,3,3WC,QQC,10,D,GAVEA,0,6,NÃO,INF
INF2986, PESQ TESE I OTI/RAC AUTOMATICO ,RUY LUIZ MILIDIU,3,3WA,QQC,10,D,GAVEA,0,3,NÃO,INF
INF2986, PESQ TESE I OTI/RAC AUTOMATICO ,MARCUS VINICIUS S P DE ARAGAO,3,3WB,QQC,10,D,GAVEA,0,3,NÃO,INF
INF2986, PESQ TESE I OTI/RAC AUTOMATICO ,EDUARDO SANY LABER,3,3WC,QQC,10,D,GAVEA,0,3,NÃO,INF
INF2987, PES TESE II OTI/RAC AUTOMATICO ,RUY LUIZ MILIDIU,3,3WA,QQC,10,D,GAVEA,0,3,NÃO,INF
INF2987, PES TESE II OTI/RAC AUTOMATICO ,MARCUS VINICIUS S P DE ARAGAO,3,3WB,QQC,10,D,GAVEA,0,3,NÃO,INF
INF2987, PES TESE II OTI/RAC AUTOMATICO ,EDUARDO SANY LABER,3,3WC,QQC,10,D,GAVEA,0,3,NÃO,INF
INF2988, PES TES III OTI/RAC AUTOMATICO ,RUY LUIZ MILIDIU,3,3WA,QQC,10,D,GAVEA,0,3,NÃO,INF
INF2988, PES TES III OTI/RAC AUTOMATICO ,MARCUS VINICIUS S P DE ARAGAO,3,3WB,QQC,10,D,GAVEA,0,3,NÃO,INF
INF2988, PES TES III OTI/RAC AUTOMATICO ,EDUARDO SANY LABER,3,3WC,QQC,10,D,GAVEA,0,3,NÃO,INF
INF2989, PES TESE IV OTI/RAC AUTOMATICO ,RUY LUIZ MILIDIU,3,3WA,QQC,10,D,GAVEA,0,3,NÃO,INF
INF2989, PES TESE IV OTI/RAC AUTOMATICO ,MARCUS VINICIUS S P DE ARAGAO,3,3WB,QQC,10,I,GAVEA,0,3,NÃO,INF
INF2989, PES TESE IV OTI/RAC AUTOMATICO ,EDUARDO SANY LABER,3,3WC,QQC,10,D,GAVEA,0,3,NÃO,INF
INF2992, TRAB IND ALG PARAL OTIMIZ IV ,RUY LUIZ MILIDIU,3,3WA,QQC,10,D,GAVEA,0,3,NÃO,INF
INF2992, TRAB IND ALG PARAL OTIMIZ IV ,MARCUS VINICIUS S P DE ARAGAO,3,3WB,QQC,10,D,GAVEA,0,3,NÃO,INF
INF2992, TRAB IND ALG PARAL OTIMIZ IV ,EDUARDO SANY LABER,3,3WC,QQC,10,D,GAVEA,0,3,NÃO,INF
INF2993, TRAB IND ALG PARAL OTIMIZ V ,RUY LUIZ MILIDIU,1,3WA,QQC,10,D,GAVEA,0,1,NÃO,INF
INF2993, TRAB IND ALG PARAL OTIMIZ V ,MARCUS VINICIUS S P DE ARAGAO,1,3WB,QQC,10,D,GAVEA,0,1,NÃO,INF
INF2993, TRAB IND ALG PARAL OTIMIZ V ,EDUARDO SANY LABER,1,3WC,QQC,10,D,GAVEA,0,1,NÃO,INF
INF2994, TRAB IND ALG PARAL OTIMIZ VI ,RUY LUIZ MILIDIU,2,3WA,QQC,10,D,GAVEA,0,2,NÃO,INF
INF2994, TRAB IND ALG PARAL OTIMIZ VI ,MARCUS VINICIUS S P DE ARAGAO,2,3WB,QQC,10,D,GAVEA,0,2,NÃO,INF
INF2994, TRAB IND ALG PARAL OTIMIZ VI ,EDUARDO SANY LABER,2,3WC,QQC,10,D,GAVEA,0,2,NÃO,INF
INF3000, DISSERTACAO DE MESTRADO ,COORDENADOR DE CURSO,0,3WA,QQC,24,D, ,0,0,NÃO,INF
INF3001, TESE DE DOUTORADO ,COORDENADOR DE CURSO,0,3WA,QQC,20,D, ,0,0,NÃO,INF
INF3002, REQUISITO BASICO DE DOUTORADO ,COORDENADOR DE CURSO,0,3WA,QQC,13,D, ,0,0,NÃO,INF
INF3004, EXAME DE QUALIFICACAO ,COORDENADOR DE CURSO,0,3WA,QQC,10,D, ,0,0,NÃO,INF
INF3006, EXAME PROPOSTA DE DISSERTACAO ,COORDENADOR DE CURSO,0,3WA,QQC,0,D, ,0,0,NÃO,INF
INF3007, EXAME DE PROPOSTA DE TESE ,COORDENADOR DE CURSO,0,3WA,QQC,12,D, ,0,0,NÃO,INF
INF3201, ESTAGIO DOCENCIA NA GRADUACAO ,COORDENADOR DE CURSO,1,3WA,QQC,20,D,GAVEA,0,3,NÃO,INF
INF3202, ESTAGIO DOCENCIA NA GRADUACAO ,COORDENADOR DE CURSO,2,3WA,QQC,19,D,GAVEA,0,3,NÃO,INF
INF3203, ESTAGIO DOCENCIA NA GRADUACAO ,COORDENADOR DE CURSO,3,3WA,QQC,20,D,GAVEA,0,3,NÃO,INF
INF3210, ESTAGIO DOCENCIA NA GRADUACAO ,COORDENADOR DE CURSO,0,3WA,QQC,20,D,GAVEA,0,3,NÃO,INF
INF3211, ESTAGIO DOCENCIA NA GRADUACAO ,COORDENADOR DE CURSO,1,3WA,QQC,20,D,GAVEA,0,3,NÃO,INF
INF3212, ESTAGIO DOCENCIA NA GRADUACAO ,COORDENADOR DE CURSO,2,3WA,QQC,20,D,GAVEA,0,3,NÃO,INF
INF3213, ESTAGIO DOCENCIA NA GRADUACAO ,COORDENADOR DE CURSO,3,3WA,QQC,20,D,GAVEA,0,3,NÃO,INF
INF3220, ESTAGIO DOCENCIA NA GRADUACAO ,COORDENADOR DE CURSO,0,3WA,QQC,20,D,GAVEA,0,3,NÃO,INF
INF3221, ESTAGIO DOCENCIA NA GRADUACAO ,COORDENADOR DE CURSO,1,3WA,QQC,20,D,GAVEA,0,3,NÃO,INF
INF3222, ESTAGIO DOCENCIA NA GRADUACAO ,COORDENADOR DE CURSO,2,3WA,QQC,20,D,GAVEA,0,3,NÃO,INF
INF3223, ESTAGIO DOCENCIA NA GRADUACAO ,COORDENADOR DE CURSO,3,3WA,QQC,20,D,GAVEA,0,3,NÃO,INF
